DATE,165523,004812,160224,003095,000977,161726,090013,163114,001631,160222,165520,167301,001302
2019-01-02,0.54%,0.79%,-0.72%,-3.44%,-1.03%,-3.39%,-1.58%,-0.78%,-1.31%,-1.17%,-1.47%,-1.89%,-1.69%
2019-01-03,-0.54%,-1.40%,-1.51%,-1.26%,-1.13%,-1.35%,-0.75%,-0.73%,-2.01%,-2.04%,0.95%,1.12%,2.71%
2019-01-04,2.83%,2.39%,2.54%,2.44%,1.83%,2.49%,2.15%,2.07%,1.75%,1.61%,2.28%,2.51%,0.36%
2019-01-07,3.07%,2.50%,2.69%,0.41%,1.34%,0.56%,0.63%,1.99%,0.91%,0.73%,1.18%,-1.37%,0.24%
2019-01-08,-0.72%,0.46%,0.15%,0.10%,-0.05%,0.04%,0.10%,-0.14%,-0.38%,-0.39%,-1.30%,-1.19%,-2.98%
2019-01-09,0.31%,-1.10%,0.31%,0.51%,0.98%,0.36%,0.42%,-0.09%,1.31%,1.47%,0.00%,1.31%,0.37%
2019-01-10,-0.21%,0.59%,-0.06%,-0.61%,-0.50%,-1.04%,-0.94%,0.86%,-0.38%,-0.19%,-0.13%,-0.50%,1.10%
2019-01-11,1.03%,0.02%,0.69%,0.10%,0.06%,-0.09%,0.53%,0.59%,1.33%,1.55%,0.53%,0.50%,-0.85%
2019-01-14,-1.02%,-0.40%,-1.09%,-1.34%,-0.96%,-2.35%,-0.63%,-0.38%,-1.20%,-1.37%,0.00%,-1.19%,0.12%
2019-01-15,1.86%,1.28%,1.91%,1.57%,0.78%,1.94%,1.05%,0.87%,4.63%,4.99%,0.79%,2.11%,0.61%
2019-01-16,0.00%,-0.16%,-0.53%,1.44%,0.54%,1.42%,0.63%,-0.43%,-0.27%,-0.27%,-0.91%,0.49%,-1.45%
2019-01-17,-1.52%,-1.08%,-1.36%,-0.71%,-0.74%,-0.68%,-0.21%,-0.94%,-0.12%,-0.05%,-0.13%,0.20%,0.49%
2019-01-18,0.41%,1.44%,1.20%,2.24%,0.81%,1.55%,1.35%,0.57%,1.66%,1.96%,1.84%,2.05%,-0.12%
2019-01-21,1.03%,0.93%,1.21%,1.30%,0.82%,0.51%,0.72%,0.73%,1.41%,1.48%,0.26%,0.86%,-0.37%
2019-01-22,-1.32%,-1.48%,-1.59%,-1.67%,-0.99%,-1.43%,-1.42%,-1.36%,-1.41%,-1.59%,-1.29%,-1.42%,-0.37%
2019-01-23,-0.21%,1.04%,-0.36%,0.20%,0.18%,-0.49%,-0.10%,0.19%,-0.01%,-0.12%,0.39%,-0.10%,-0.25%
2019-01-24,1.44%,0.49%,1.13%,0.10%,0.73%,-0.06%,0.10%,0.78%,0.65%,0.59%,-0.52%,0.67%,-0.62%
2019-01-25,-1.02%,0.73%,0.55%,1.00%,0.90%,0.01%,0.82%,-0.21%,0.29%,0.38%,-0.39%,1.15%,-0.75%
2019-01-28,0.00%,-0.39%,0.41%,0.00%,-0.19%,-0.64%,-0.10%,-0.40%,0.37%,0.49%,-0.13%,0.00%,1.75%
2019-01-29,-1.23%,-0.61%,-1.27%,-0.20%,0.25%,-0.74%,-0.61%,-1.27%,0.30%,0.63%,-1.70%,0.47%,-1.85%
2019-01-30,-1.66%,-0.75%,-1.25%,-1.19%,-0.62%,-1.66%,-0.51%,-0.53%,-1.65%,-1.55%,-0.53%,-1.22%,0.63%
2019-01-31,-0.85%,-0.32%,0.46%,0.70%,-0.10%,-0.34%,-0.93%,-1.33%,0.53%,0.98%,-1.34%,2.38%,-2.24%
2019-02-01,3.20%,2.63%,3.39%,3.09%,1.42%,3.72%,2.40%,3.10%,1.81%,1.67%,2.17%,0.56%,1.66%
2019-02-11,2.69%,2.39%,3.66%,1.84%,2.17%,2.61%,2.76%,2.32%,3.52%,3.68%,2.79%,0.74%,1.88%
2019-02-12,0.40%,0.19%,1.50%,0.95%,0.97%,2.39%,2.88%,0.82%,0.16%,-0.10%,0.65%,0.28%,1.35%
2019-02-13,3.31%,0.94%,3.95%,1.41%,1.42%,1.53%,1.16%,1.27%,1.12%,1.28%,2.57%,2.01%,1.70%
2019-02-14,-0.10%,0.37%,0.44%,0.28%,0.22%,0.92%,0.67%,0.57%,1.75%,1.73%,-0.25%,-0.54%,0.24%
2019-02-15,-0.39%,-1.46%,-0.65%,-0.92%,-1.03%,-0.64%,-0.95%,-0.25%,-1.76%,-1.97%,-0.13%,-2.35%,0.36%
2019-02-18,4.09%,3.14%,4.68%,4.48%,2.32%,3.88%,2.78%,3.27%,2.98%,2.92%,2.77%,3.05%,2.61%
2019-02-19,0.94%,-0.77%,0.07%,-1.25%,-0.42%,-0.74%,-1.02%,-0.16%,-0.96%,-1.00%,-0.12%,1.44%,0.81%
2019-02-20,-0.56%,0.40%,0.38%,-1.09%,-0.30%,-0.80%,0.56%,0.35%,-0.52%,-0.59%,1.96%,1.06%,1.72%
2019-02-21,0.75%,0.65%,0.45%,-0.27%,-0.06%,-0.81%,0.00%,-0.98%,-0.67%,-0.63%,-0.24%,-0.79%,1.24%
2019-02-22,4.35%,2.42%,3.87%,1.37%,1.10%,1.94%,1.22%,1.82%,0.72%,0.63%,0.72%,3.09%,-0.89%
2019-02-25,6.39%,4.48%,5.86%,3.53%,3.54%,4.24%,4.07%,4.89%,3.27%,3.22%,6.70%,8.73%,3.26%
2019-02-26,-0.67%,-1.62%,0.00%,0.70%,-0.65%,2.10%,2.49%,-0.33%,-1.53%,-1.69%,1.12%,-2.28%,-0.54%
2019-02-27,-0.76%,-1.78%,-2.12%,-0.95%,-0.50%,-1.54%,-2.08%,-0.92%,1.20%,1.20%,-1.66%,0.32%,-1.10%
2019-02-28,-0.25%,1.14%,0.18%,3.33%,1.27%,2.36%,-0.53%,0.39%,1.04%,1.20%,-0.23%,-1.44%,-1.11%
2019-03-01,0.59%,1.59%,1.10%,0.59%,1.85%,0.36%,1.96%,0.21%,2.81%,3.26%,0.34%,3.83%,0.11%
2019-03-04,2.36%,1.68%,2.13%,1.68%,1.83%,1.77%,3.32%,2.33%,1.20%,1.00%,1.35%,0.55%,1.57%
2019-03-05,4.86%,1.67%,3.56%,0.41%,1.25%,1.44%,3.29%,2.51%,0.14%,-0.06%,1.22%,-0.55%,-0.55%
2019-03-06,1.96%,0.49%,0.70%,-0.66%,0.31%,0.61%,2.13%,1.64%,-0.53%,-0.88%,2.63%,0.94%,3.10%
2019-03-07,2.62%,-1.17%,-0.52%,-1.91%,0.00%,-0.26%,0.16%,0.82%,-1.71%,-2.35%,2.25%,-1.71%,0.54%
2019-03-08,-0.75%,-3.19%,-2.15%,-0.68%,-1.59%,-1.20%,-2.48%,-4.43%,-2.36%,-2.14%,-5.86%,-3.95%,-4.49%
2019-03-11,2.65%,4.88%,3.56%,4.94%,3.96%,4.15%,2.70%,4.83%,2.98%,2.94%,2.11%,0.74%,1.34%
2019-03-12,2.65%,2.77%,1.63%,0.16%,2.75%,0.12%,2.71%,1.70%,0.09%,-0.34%,0.22%,0.16%,0.33%
2019-03-13,-5.17%,-1.93%,-4.40%,0.49%,-2.77%,-0.76%,-2.41%,-2.29%,-0.59%,-0.35%,-0.11%,0.57%,-0.99%
2019-03-14,-3.03%,-0.57%,-1.83%,-0.57%,-3.12%,-1.56%,-3.03%,-2.72%,0.34%,0.84%,-1.52%,0.00%,-2.78%
2019-03-15,-0.78%,1.71%,0.30%,2.92%,1.57%,1.77%,1.72%,1.19%,1.96%,1.69%,0.99%,0.97%,0.69%
2019-03-18,2.28%,0.87%,1.95%,4.42%,1.59%,3.43%,2.50%,1.91%,6.20%,6.30%,2.73%,1.77%,2.50%
2019-03-19,1.38%,-0.09%,1.03%,-1.81%,0.08%,-0.64%,1.65%,0.54%,-1.31%,-1.41%,-0.43%,-0.32%,0.33%
2019-03-20,-0.91%,-1.07%,-0.58%,-0.69%,-0.73%,-0.73%,-1.16%,-0.02%,0.39%,0.18%,-0.96%,0.32%,-1.10%
2019-03-21,1.76%,0.36%,1.26%,-0.39%,0.15%,0.08%,-0.55%,0.91%,-0.48%,-0.64%,0.97%,0.39%,2.68%
2019-03-22,-0.60%,-0.22%,-0.15%,0.47%,0.57%,1.54%,-0.32%,-0.04%,0.98%,1.01%,-0.85%,-0.71%,-0.76%
2019-03-25,0.38%,-0.08%,-1.51%,-1.39%,-0.97%,-1.72%,-1.66%,-0.97%,-2.44%,-2.58%,-1.94%,-2.85%,-0.11%
2019-03-26,-2.26%,-2.59%,-3.12%,-1.10%,-1.72%,-1.53%,-1.93%,-2.55%,0.15%,0.29%,-1.43%,-0.33%,-0.33%
2019-03-27,-1.16%,0.00%,-0.18%,3.10%,0.42%,3.18%,0.00%,0.33%,2.98%,3.01%,-0.56%,0.98%,-0.99%
2019-03-28,-0.31%,0.21%,-0.05%,-0.46%,-0.71%,-0.33%,-0.98%,-0.80%,0.69%,1.09%,-1.23%,-1.38%,-0.89%
2019-03-29,3.13%,2.01%,3.34%,3.56%,2.65%,3.31%,4.14%,2.30%,4.01%,4.27%,2.27%,4.35%,0.56%
2019-04-01,4.56%,3.60%,3.84%,1.49%,3.06%,1.64%,3.74%,3.47%,1.63%,1.36%,4.66%,2.05%,2.79%
2019-04-02,0.44%,-1.16%,-0.06%,-1.99%,0.60%,-0.80%,-0.38%,0.36%,-1.13%,-1.18%,1.80%,0.23%,1.30%
2019-04-03,0.29%,-0.43%,0.55%,-0.23%,0.95%,0.91%,0.69%,0.26%,-0.04%,-0.14%,0.10%,1.31%,0.32%
2019-04-04,0.36%,0.15%,0.01%,-0.45%,0.39%,0.03%,1.38%,0.15%,1.77%,2.17%,1.25%,1.14%,0.43%
2019-04-08,-2.73%,-1.17%,-2.18%,-1.66%,-0.36%,-1.40%,0.00%,-0.85%,0.22%,0.64%,1.34%,0.68%,0.21%
2019-04-09,0.07%,-0.23%,0.17%,1.69%,0.15%,0.54%,-0.90%,0.70%,2.01%,2.62%,-2.03%,-0.67%,-0.95%
2019-04-10,-0.52%,0.66%,-0.23%,1.21%,0.42%,1.30%,-0.53%,0.01%,1.10%,1.35%,-0.72%,-0.23%,0.86%
2019-04-11,-2.15%,-2.36%,-2.56%,-3.36%,-2.43%,-3.27%,-1.07%,-1.79%,-4.00%,-3.92%,-1.46%,-1.05%,-2.23%
2019-04-12,0.45%,-0.83%,0.23%,-0.15%,-0.29%,-0.89%,1.31%,-0.01%,-0.12%,-0.33%,-0.85%,0.08%,-2.06%
2019-04-15,-0.60%,-1.13%,-0.79%,-1.01%,-1.30%,-1.26%,-1.60%,-1.29%,-0.92%,-0.66%,-0.85%,1.29%,-0.44%
2019-04-16,3.34%,2.30%,3.32%,1.25%,1.15%,1.68%,0.31%,1.70%,1.63%,1.84%,2.80%,4.20%,1.56%
2019-04-17,-0.37%,2.55%,0.48%,0.15%,1.19%,0.41%,1.85%,1.61%,0.70%,0.62%,-0.10%,-0.50%,-0.33%
2019-04-18,-0.52%,-0.56%,-0.80%,-0.31%,-0.14%,0.02%,0.38%,-0.66%,0.45%,0.21%,-0.94%,0.51%,-0.99%
2019-04-19,1.04%,1.76%,1.46%,0.39%,0.97%,0.16%,0.23%,1.06%,0.13%,0.24%,0.42%,2.45%,0.56%
2019-04-22,-0.95%,-1.88%,-1.42%,-0.23%,-1.36%,-1.05%,-2.94%,-0.93%,-0.78%,-0.67%,-2.11%,-3.09%,-0.55%
2019-04-23,-2.59%,-1.28%,-1.43%,0.00%,-0.68%,-0.90%,-0.85%,-2.18%,1.15%,1.31%,-1.18%,-0.15%,-2.44%
2019-04-24,2.43%,0.50%,2.14%,0.62%,0.57%,1.21%,0.55%,1.43%,-0.11%,-0.24%,0.33%,-0.58%,0.46%
2019-04-25,-4.01%,-2.28%,-3.85%,0.15%,-1.89%,-1.52%,-2.10%,-3.93%,-1.75%,-1.66%,-3.04%,-1.46%,-2.04%
2019-04-26,0.31%,-1.08%,-1.19%,0.08%,-0.43%,-0.98%,-1.67%,-1.12%,-0.06%,0.01%,-1.34%,-0.59%,-1.04%
2019-04-29,-4.39%,0.36%,-2.83%,1.84%,-0.57%,-0.03%,-2.11%,-3.17%,0.94%,1.45%,-3.75%,1.12%,-3.63%
2019-04-30,-0.40%,-0.80%,0.22%,-0.45%,0.66%,-0.12%,2.56%,0.41%,0.84%,0.64%,0.35%,-0.52%,1.09%
2019-05-06,-8.42%,-5.60%,-8.19%,-4.91%,-6.11%,-6.34%,-6.69%,-6.64%,-5.96%,-6.14%,-6.11%,-5.93%,-2.76%
2019-05-07,0.53%,0.70%,1.26%,3.42%,0.89%,1.67%,-0.86%,0.50%,3.18%,2.61%,0.75%,-0.08%,-0.25%
2019-05-08,0.44%,-1.14%,-0.45%,-1.77%,-0.60%,-0.06%,-3.14%,-0.52%,-0.87%,-0.92%,0.25%,-1.89%,2.48%
2019-05-09,-0.09%,-0.47%,-1.01%,-2.66%,-0.62%,-2.92%,0.72%,-0.34%,-3.34%,-3.36%,-0.99%,-2.33%,-2.05%
2019-05-10,5.43%,4.19%,4.39%,3.61%,3.25%,3.74%,4.47%,2.80%,4.41%,4.76%,2.13%,4.44%,1.73%
2019-05-13,-1.08%,-1.79%,-2.86%,0.78%,-0.29%,-0.35%,-1.45%,-1.23%,0.53%,0.53%,-1.23%,-2.29%,-0.48%
2019-05-14,-0.59%,-0.28%,-0.64%,-0.54%,-1.02%,-0.55%,-0.26%,-0.72%,-0.95%,-0.93%,0.25%,-0.24%,1.46%
2019-05-15,1.61%,3.17%,1.79%,2.86%,2.74%,2.28%,1.83%,2.41%,4.98%,5.03%,1.24%,2.59%,0.00%
2019-05-16,-0.58%,-0.58%,-0.81%,0.98%,0.77%,2.11%,0.17%,0.80%,0.82%,0.83%,3.55%,0.00%,1.92%
2019-05-17,-2.76%,-2.75%,-3.30%,-2.23%,-2.89%,-2.70%,-2.90%,-3.33%,-2.48%,-2.57%,-3.31%,-2.05%,-3.53%
2019-05-20,2.07%,-1.35%,-0.55%,-1.90%,-1.25%,-1.82%,-4.04%,-0.73%,-1.97%,-1.88%,0.61%,-0.08%,-2.44%
2019-05-21,1.77%,1.28%,2.69%,1.32%,1.42%,2.48%,2.20%,1.83%,0.88%,0.73%,3.28%,1.13%,1.50%
2019-05-22,1.49%,0.40%,-0.20%,-0.08%,-0.52%,-0.34%,-1.25%,-0.79%,-0.57%,-0.59%,-1.53%,-0.72%,-0.37%
2019-05-23,-3.10%,-3.03%,-3.31%,-2.38%,-1.91%,-2.27%,-4.54%,-1.76%,-2.60%,-2.53%,-1.55%,-1.28%,-2.10%
2019-05-24,-2.19%,-0.20%,-0.61%,0.00%,-0.48%,0.05%,-1.33%,-0.24%,0.76%,0.98%,-0.85%,0.89%,0.13%
2019-05-27,4.22%,2.77%,3.07%,1.18%,2.09%,1.61%,4.43%,2.48%,0.76%,0.57%,2.20%,1.29%,1.39%
2019-05-28,-0.17%,0.49%,0.13%,1.63%,0.00%,0.39%,2.68%,-0.28%,1.24%,1.29%,-0.24%,0.72%,0.00%
2019-05-29,-0.41%,-0.75%,-0.31%,-0.46%,0.02%,-0.44%,0.81%,0.32%,0.26%,0.41%,1.92%,3.08%,1.25%
2019-05-30,-1.83%,-0.68%,-0.78%,0.54%,-0.55%,-0.88%,2.05%,-0.92%,-0.10%,-0.25%,0.82%,-1.15%,0.12%
2019-05-31,-0.25%,0.64%,-0.18%,1.07%,0.33%,0.64%,0.26%,0.85%,-0.78%,-0.87%,0.23%,-0.31%,2.21%
2019-06-03,-0.25%,-1.16%,-0.01%,-0.68%,-1.65%,-0.14%,-2.26%,-1.20%,-0.01%,0.22%,-1.40%,0.23%,1.32%
2019-06-04,-1.19%,-0.93%,-0.59%,-1.98%,-0.94%,-1.84%,-3.48%,-1.53%,-2.01%,-1.92%,-1.53%,-1.32%,0.12%
2019-06-05,0.60%,0.12%,0.65%,-1.94%,-0.19%,-2.55%,-2.40%,0.15%,0.06%,-0.05%,0.72%,-1.02%,2.96%
2019-06-06,-3.00%,-2.24%,-2.59%,-0.71%,-1.75%,-1.82%,-3.97%,-2.00%,-1.09%,-0.88%,-0.83%,-0.87%,-0.81%
2019-06-10,1.77%,2.14%,2.20%,1.59%,1.34%,0.98%,0.69%,0.99%,1.93%,1.99%,0.96%,1.20%,0.23%
2019-06-11,3.30%,2.18%,3.37%,3.22%,3.12%,3.35%,5.58%,3.06%,4.49%,4.79%,3.09%,1.98%,1.39%
2019-06-12,-0.84%,-1.02%,-1.08%,-0.08%,-0.95%,-0.12%,-2.13%,-0.56%,-1.20%,-1.16%,1.38%,-0.85%,3.77%
2019-06-13,0.51%,-0.25%,-0.02%,1.22%,-0.08%,0.31%,0.57%,0.55%,-0.28%,-0.32%,-0.23%,-0.08%,-0.77%
2019-06-14,-2.61%,-1.66%,-2.11%,-0.23%,-1.17%,0.64%,-2.64%,-1.89%,-0.84%,-0.57%,-0.68%,-0.70%,1.22%
2019-06-17,-0.43%,-1.01%,-0.64%,-0.90%,-0.82%,0.19%,-0.10%,-0.30%,-0.52%,-0.57%,-0.11%,0.39%,-2.19%
2019-06-18,0.35%,0.09%,0.46%,1.06%,-0.17%,0.88%,2.90%,-0.07%,0.09%,0.21%,-0.69%,0.63%,1.23%
2019-06-19,1.65%,2.35%,2.40%,0.90%,1.31%,1.20%,-0.19%,1.56%,1.06%,1.08%,0.00%,1.56%,-0.66%
2019-06-20,1.96%,1.91%,2.21%,2.46%,2.12%,1.32%,-0.09%,2.24%,3.35%,3.62%,1.74%,4.07%,2.90%
2019-06-21,2.42%,1.53%,1.96%,0.00%,1.39%,0.66%,-0.38%,1.69%,0.27%,0.10%,1.37%,-0.22%,3.36%
2019-06-24,-0.33%,0.14%,-1.13%,0.51%,0.50%,0.21%,1.33%,-0.21%,1.16%,1.17%,0.90%,0.22%,1.57%
2019-06-25,-1.23%,-0.82%,-1.18%,-0.14%,-1.10%,-0.60%,-2.90%,-0.90%,-0.05%,-0.03%,0.56%,-1.85%,5.57%
2019-06-26,-0.08%,1.36%,0.40%,3.41%,0.16%,1.70%,0.67%,-0.23%,0.16%,0.07%,-2.65%,0.00%,-4.98%
2019-06-27,1.33%,1.93%,1.82%,1.05%,0.99%,0.73%,0.38%,0.50%,1.98%,1.92%,0.34%,1.05%,0.72%
2019-06-28,-1.64%,-0.48%,-0.71%,-0.62%,-0.51%,0.02%,-1.33%,-0.85%,0.18%,0.28%,0.11%,0.15%,0.20%
2019-06-30,,,,,,,,,,,,,
2019-07-01,3.99%,2.94%,5.30%,2.23%,2.92%,3.69%,1.45%,2.67%,3.92%,4.07%,0.57%,2.83%,-1.02%
2019-07-02,-0.80%,-0.34%,-0.80%,1.30%,0.71%,1.02%,3.04%,-0.01%,0.38%,0.35%,0.90%,-0.72%,1.23%
2019-07-03,-1.85%,-1.24%,-1.84%,-2.29%,-1.02%,-1.03%,-1.39%,-0.15%,-1.52%,-2.00%,-0.56%,-0.87%,1.73%
2019-07-04,-0.41%,-0.46%,-0.51%,-2.14%,-0.48%,-1.30%,-0.56%,-0.24%,-1.89%,-1.50%,-1.12%,-0.88%,-2.20%
2019-07-05,0.41%,0.47%,0.19%,1.97%,0.77%,1.62%,2.17%,-0.09%,1.81%,2.15%,0.11%,0.67%,1.43%
2019-07-08,-4.03%,-2.22%,-3.05%,-2.28%,-2.27%,-2.98%,0.74%,-3.17%,-1.98%,-1.75%,-3.40%,-2.80%,-3.22%
2019-07-09,0.09%,0.24%,-0.07%,0.42%,-0.11%,0.08%,-0.18%,0.24%,0.34%,0.10%,0.12%,-0.38%,-1.14%
2019-07-10,-0.51%,-0.09%,-0.07%,0.14%,0.15%,-0.25%,-1.65%,-0.82%,-0.01%,0.11%,-1.52%,0.38%,-2.32%
2019-07-11,-0.69%,-0.60%,-0.37%,-0.07%,-0.47%,-0.01%,0.00%,-0.23%,-0.45%,-0.40%,1.43%,0.91%,4.31%
2019-07-12,0.17%,0.78%,0.46%,0.14%,0.27%,0.99%,-0.75%,0.37%,0.78%,0.77%,-0.12%,2.03%,-1.45%
2019-07-15,2.68%,1.11%,1.80%,-0.98%,1.00%,0.12%,3.29%,0.39%,-0.58%,-0.61%,0.70%,0.07%,0.63%
2019-07-16,0.08%,-0.40%,0.23%,-1.49%,-0.38%,-0.50%,0.18%,0.12%,-1.35%,-1.40%,0.12%,-0.66%,0.21%
2019-07-17,0.08%,-0.01%,0.91%,-0.58%,-0.17%,0.05%,2.18%,0.02%,-0.32%,-0.29%,-0.58%,0.00%,-0.83%
2019-07-18,-2.61%,-1.43%,-2.43%,-1.45%,-1.39%,-1.20%,-0.89%,-1.54%,-1.26%,-1.26%,0.00%,-0.15%,0.21%
2019-07-19,0.35%,0.63%,0.24%,0.44%,0.25%,0.53%,1.25%,0.71%,0.67%,0.68%,2.11%,0.96%,3.66%
2019-07-22,-2.06%,-0.56%,-0.60%,0.00%,1.32%,0.06%,-1.95%,0.80%,0.90%,0.36%,-3.21%,1.54%,-2.22%
2019-07-23,1.84%,1.16%,1.32%,0.00%,1.30%,0.55%,1.26%,1.30%,-0.90%,-1.10%,0.12%,-0.43%,-0.10%
2019-07-24,2.07%,1.34%,1.85%,0.73%,0.75%,1.10%,1.25%,0.96%,0.12%,0.06%,0.83%,1.89%,0.93%
2019-07-25,0.84%,0.87%,2.08%,-0.15%,0.53%,0.38%,1.32%,0.19%,0.87%,0.94%,-0.70%,0.64%,-0.92%
2019-07-26,-0.08%,0.60%,0.03%,2.11%,0.77%,0.62%,-0.61%,0.13%,0.04%,0.05%,-0.35%,0.28%,-0.83%
2019-07-29,0.08%,-0.33%,0.21%,-0.93%,0.04%,-0.39%,-0.17%,0.17%,0.66%,0.72%,-0.12%,-0.21%,0.31%
2019-07-30,0.08%,-0.07%,0.01%,0.07%,0.19%,0.82%,-0.70%,0.45%,-0.38%,-0.42%,1.07%,1.20%,2.18%
2019-07-31,-0.08%,-0.78%,-0.33%,-0.58%,-0.71%,-0.56%,-0.79%,-0.40%,-1.53%,-1.54%,0.00%,-1.61%,0.00%
2019-08-01,-0.59%,-0.15%,0.12%,-0.43%,-0.69%,-0.60%,0.80%,-0.17%,-1.25%,-1.27%,-0.59%,-0.36%,-3.25%
2019-08-02,-1.68%,-1.16%,-1.99%,0.87%,-0.80%,-0.23%,-1.06%,-1.32%,-0.75%,-0.71%,0.47%,-1.71%,0.84%
2019-08-05,-0.77%,-1.91%,-1.97%,-1.87%,-1.46%,-2.03%,-0.09%,-1.24%,-1.74%,-1.61%,0.94%,-1.67%,5.94%
2019-08-06,-2.59%,-0.42%,-1.50%,0.22%,-1.62%,-1.02%,-2.85%,-2.27%,-0.37%,-0.28%,-2.56%,-0.59%,-1.77%
2019-08-07,-1.60%,-0.64%,-1.17%,1.83%,-0.59%,1.15%,-1.93%,0.00%,-0.39%,-0.49%,3.47%,-0.82%,4.20%
2019-08-08,1.08%,1.35%,1.43%,2.08%,1.15%,2.74%,-0.37%,0.58%,1.47%,1.48%,-0.58%,1.50%,0.96%
2019-08-09,-2.05%,-0.74%,-1.64%,-0.14%,-0.98%,0.17%,-2.35%,-0.90%,-1.31%,-1.35%,-1.05%,-0.52%,-0.19%
2019-08-12,2.64%,1.68%,3.71%,1.06%,1.30%,2.60%,0.77%,1.61%,2.22%,2.56%,-0.47%,1.93%,-1.05%
2019-08-13,-1.24%,-1.29%,-1.04%,0.07%,-0.40%,-0.27%,-0.76%,-0.56%,-0.32%,-0.23%,1.18%,-1.82%,4.34%
2019-08-14,0.90%,0.28%,0.96%,2.23%,1.09%,1.59%,0.58%,0.66%,1.47%,1.61%,-0.70%,0.00%,-2.22%
2019-08-15,1.60%,0.88%,1.93%,0.00%,0.67%,0.39%,-0.77%,0.16%,-0.22%,-0.16%,-0.35%,0.81%,0.28%
2019-08-16,0.79%,0.00%,0.56%,0.75%,0.68%,1.84%,0.19%,0.11%,1.68%,1.50%,0.35%,0.44%,-0.19%
2019-08-19,4.52%,1.58%,4.42%,0.74%,2.68%,2.10%,0.48%,2.83%,1.19%,1.04%,1.06%,2.27%,-0.94%
2019-08-20,-0.42%,-0.34%,-0.15%,0.20%,0.06%,-0.97%,1.44%,-0.19%,0.52%,0.67%,0.93%,-0.64%,0.86%
2019-08-21,0.25%,1.29%,0.18%,-1.07%,0.67%,-0.57%,-1.70%,0.89%,-0.88%,-0.94%,-1.27%,0.36%,-1.51%
2019-08-22,0.00%,-0.59%,-0.13%,0.95%,0.49%,0.49%,0.67%,-0.02%,1.44%,1.68%,-0.12%,0.43%,-0.67%
2019-08-23,-0.75%,0.99%,0.06%,3.22%,-0.09%,2.21%,-1.34%,-0.49%,0.68%,0.86%,-0.58%,1.43%,-0.10%
2019-08-26,-0.84%,-1.45%,-1.66%,-0.13%,-0.48%,-0.39%,-0.19%,-1.17%,-1.57%,-1.72%,0.47%,-2.25%,2.42%
2019-08-27,2.96%,2.00%,1.86%,0.39%,1.78%,1.24%,1.94%,1.50%,1.59%,1.67%,1.05%,0.58%,1.42%
2019-08-28,-0.33%,-0.05%,-0.66%,-0.39%,-0.28%,-1.08%,4.18%,-0.07%,0.60%,0.57%,-0.58%,-1.29%,-0.47%
2019-08-29,0.82%,-0.44%,0.12%,-0.26%,0.50%,-0.52%,-0.55%,-0.39%,0.42%,0.68%,0.35%,-0.65%,3.27%
2019-08-30,-1.14%,-0.31%,-1.17%,0.65%,-0.41%,-0.08%,-1.56%,-1.15%,1.53%,1.81%,-0.23%,0.37%,-1.09%
2019-09-02,4.05%,2.11%,2.95%,1.82%,2.75%,1.95%,0.84%,2.17%,0.26%,0.15%,0.93%,0.66%,0.09%
2019-09-03,1.27%,0.53%,2.14%,-0.51%,0.39%,-0.96%,1.11%,0.79%,-0.46%,-0.41%,0.00%,-0.07%,0.55%
2019-09-04,0.94%,-0.10%,0.65%,-0.13%,0.72%,-0.03%,-0.64%,0.78%,-0.83%,-0.97%,1.50%,1.23%,0.45%
2019-09-05,1.79%,0.21%,1.54%,-0.71%,0.82%,0.07%,0.83%,0.57%,0.50%,0.63%,1.02%,1.29%,0.54%
2019-09-06,1.07%,-0.19%,1.18%,0.65%,-0.13%,1.68%,-1.46%,0.42%,0.05%,0.09%,-1.35%,1.06%,-3.87%
2019-09-09,4.31%,1.82%,3.74%,0.32%,1.14%,1.25%,2.13%,2.30%,0.24%,0.12%,1.14%,-0.35%,0.94%
2019-09-10,-1.16%,-1.13%,-1.43%,0.90%,-0.73%,0.51%,0.45%,-0.04%,-0.03%,-0.26%,0.00%,-0.77%,-0.09%
2019-09-11,-1.25%,-0.98%,-1.16%,-2.16%,-1.02%,-1.81%,-0.81%,-0.44%,-2.94%,-3.38%,-0.23%,0.35%,0.19%
2019-09-12,0.74%,1.04%,0.68%,0.39%,0.49%,0.21%,-0.55%,0.30%,1.03%,1.23%,0.00%,1.76%,-0.93%
2019-09-16,1.03%,0.54%,0.54%,0.00%,0.40%,0.04%,0.37%,-0.07%,-0.31%,-0.40%,0.56%,-1.31%,1.31%
2019-09-17,-3.14%,-1.89%,-2.37%,-0.39%,-1.66%,-1.08%,-1.73%,-2.14%,-0.74%,-0.57%,-2.24%,-1.75%,-2.59%
2019-09-18,-0.83%,0.91%,0.17%,2.14%,1.04%,1.09%,-0.37%,-0.35%,2.48%,2.67%,-0.34%,0.14%,-0.38%
2019-09-19,1.90%,0.90%,1.76%,1.21%,0.34%,0.35%,0.56%,1.18%,-0.28%,-0.36%,0.92%,0.00%,0.10%
2019-09-20,0.22%,0.34%,0.72%,0.82%,1.21%,0.40%,-0.65%,0.26%,0.62%,0.73%,0.11%,0.14%,1.24%
2019-09-23,-0.45%,-0.50%,0.08%,-1.00%,-1.03%,-1.54%,-1.30%,-1.23%,-1.21%,-1.15%,-1.03%,-1.35%,-0.28%
2019-09-24,0.97%,1.00%,0.35%,2.51%,1.24%,1.62%,-1.51%,0.61%,1.17%,1.24%,0.23%,-0.72%,0.38%
2019-09-25,-2.96%,-1.60%,-2.65%,0.25%,-1.20%,-0.68%,-2.88%,-1.24%,-0.45%,-0.50%,0.00%,-0.22%,-1.31%
2019-09-26,-4.12%,-1.68%,-2.42%,-0.79%,-2.40%,-1.17%,-5.43%,-2.15%,-1.05%,-0.88%,-3.10%,-0.07%,-4.66%
2019-09-27,1.03%,1.74%,1.99%,0.25%,0.51%,0.53%,3.34%,0.65%,-0.13%,-0.05%,-0.24%,-0.15%,-1.40%
2019-09-30,-2.12%,-1.12%,-2.14%,0.61%,-0.71%,-0.20%,0.51%,-0.74%,-0.83%,-0.98%,-0.95%,-1.17%,-1.01%
2019-10-08,-0.88%,-0.21%,-1.41%,0.92%,-0.04%,-0.03%,2.21%,-0.02%,0.63%,0.81%,-0.12%,0.96%,-0.20%
2019-10-09,1.14%,0.27%,0.31%,-0.42%,1.16%,-0.36%,0.69%,0.52%,-0.55%,-0.70%,1.08%,0.58%,2.97%
2019-10-10,2.17%,2.12%,1.84%,4.26%,1.96%,4.18%,2.83%,0.98%,0.35%,0.29%,0.36%,0.22%,-0.20%
2019-10-11,-0.39%,-0.10%,0.10%,0.41%,0.43%,0.86%,-1.23%,-0.65%,0.30%,0.36%,-0.59%,1.31%,-0.70%
2019-10-14,2.05%,0.84%,1.60%,-0.06%,0.65%,0.35%,0.77%,1.16%,0.41%,0.30%,0.24%,1.36%,-0.70%
2019-10-15,-3.17%,-0.72%,-2.02%,0.06%,-0.69%,-0.76%,-0.95%,-1.23%,0.75%,0.88%,-1.43%,-0.35%,-1.21%
2019-10-16,-0.08%,-1.24%,0.02%,1.97%,0.23%,0.99%,-1.25%,-0.57%,-1.27%,-1.41%,-1.09%,0.14%,-0.92%
2019-10-17,0.00%,0.60%,0.88%,0.17%,-0.10%,0.16%,0.10%,-0.59%,0.12%,0.12%,0.24%,0.35%,0.10%
2019-10-18,-1.76%,-1.37%,-1.63%,-0.17%,-1.20%,0.41%,-0.49%,-1.10%,-0.99%,-1.10%,-1.22%,-1.90%,-1.65%
2019-10-21,-0.49%,-0.55%,-0.03%,-2.39%,-0.01%,-1.73%,4.21%,-0.44%,-0.06%,-0.03%,-0.12%,1.08%,0.21%
2019-10-22,2.12%,0.73%,1.25%,1.34%,1.21%,1.38%,1.79%,0.82%,0.64%,0.60%,0.37%,-0.21%,-0.21%
2019-10-23,-0.72%,-1.13%,-0.44%,-1.84%,-1.38%,-1.78%,-0.18%,-0.71%,-1.05%,-1.10%,-0.74%,-0.64%,0.63%
2019-10-24,-0.48%,0.27%,0.12%,-0.06%,0.13%,-0.71%,0.19%,0.06%,-1.45%,-1.51%,-0.25%,0.14%,-1.67%
2019-10-25,0.81%,1.29%,1.54%,1.12%,1.37%,0.87%,2.22%,0.68%,1.43%,1.53%,0.74%,-0.86%,1.69%
2019-10-28,4.90%,1.25%,2.18%,1.63%,0.93%,0.81%,0.45%,1.60%,1.35%,1.27%,1.35%,0.79%,1.67%
2019-10-29,-2.45%,0.21%,-1.56%,1.09%,0.41%,-0.15%,1.26%,-1.12%,1.10%,1.14%,-1.46%,-1.08%,-1.54%
2019-10-30,-1.33%,0.54%,0.08%,-0.68%,0.19%,0.00%,-0.62%,-0.73%,-0.74%,-0.76%,-0.99%,0.29%,-1.46%
2019-10-31,-1.11%,-0.67%,-1.28%,1.31%,-0.71%,1.55%,-3.40%,-0.34%,0.56%,0.94%,-0.12%,-0.14%,-0.74%
2019-11-01,0.88%,0.88%,1.27%,1.80%,2.05%,0.69%,0.56%,0.95%,0.96%,0.95%,1.00%,1.45%,1.17%
2019-11-04,0.80%,0.68%,1.09%,1.43%,1.36%,1.65%,0.74%,0.33%,0.73%,0.67%,0.74%,1.14%,0.74%
2019-11-05,0.32%,1.15%,0.72%,-0.54%,0.92%,0.15%,0.27%,0.93%,0.69%,0.59%,0.61%,0.85%,-0.21%
2019-11-06,-1.58%,-0.64%,-1.19%,-0.55%,0.04%,0.18%,-3.46%,-0.02%,-0.95%,-0.87%,0.24%,-0.42%,-1.26%
2019-11-07,0.80%,0.04%,0.92%,0.71%,0.12%,0.39%,4.06%,0.07%,0.47%,0.45%,-0.36%,0.00%,-0.32%
2019-11-08,0.08%,0.49%,0.29%,-0.60%,1.36%,-0.09%,-2.18%,-0.23%,0.37%,0.37%,-0.37%,-0.42%,-0.96%
2019-11-11,-2.70%,-1.48%,-1.65%,-2.14%,-1.69%,-2.11%,-1.95%,-2.09%,-1.26%,-1.19%,-2.20%,-1.06%,-2.36%
2019-11-12,-0.16%,-1.05%,-0.46%,1.01%,-0.01%,0.16%,0.57%,0.10%,0.43%,0.41%,-0.38%,0.36%,-1.32%
2019-11-13,0.41%,1.19%,0.76%,2.94%,0.48%,1.13%,-1.22%,-0.25%,0.74%,0.81%,0.13%,-1.35%,2.45%
2019-11-14,1.46%,0.45%,1.10%,1.40%,0.52%,0.73%,0.67%,0.38%,0.43%,0.32%,-0.38%,-0.58%,-0.76%
2019-11-15,-0.64%,-0.89%,-1.16%,-1.01%,-0.90%,-0.71%,-2.93%,-1.18%,-0.59%,-0.56%,-0.63%,-0.36%,-1.53%
2019-11-18,0.57%,1.73%,0.54%,0.16%,0.94%,0.40%,1.56%,0.54%,0.27%,0.13%,1.39%,1.53%,0.22%
2019-11-19,1.85%,2.08%,2.03%,2.52%,2.04%,1.93%,0.86%,1.86%,0.80%,0.75%,2.00%,-0.14%,2.00%
2019-11-20,-0.71%,-0.93%,-1.31%,0.05%,-0.73%,-0.02%,-1.52%,-0.78%,0.12%,0.07%,0.37%,-1.43%,1.85%
2019-11-21,-0.08%,-0.08%,-0.03%,-1.73%,-0.52%,-0.94%,-0.10%,0.08%,-0.42%,-0.40%,-0.24%,-0.95%,-0.43%
2019-11-22,-1.75%,-0.71%,-2.14%,-4.79%,-2.09%,-3.94%,-0.77%,-0.09%,-2.18%,-2.23%,0.73%,-0.81%,0.86%
2019-11-25,-2.34%,0.61%,-1.22%,-1.57%,-0.08%,-1.59%,-1.46%,0.30%,-0.25%,-0.27%,1.46%,1.04%,-0.21%
2019-11-26,0.25%,0.44%,1.15%,0.80%,0.37%,0.82%,-0.10%,0.58%,0.81%,0.81%,0.00%,-0.22%,1.49%
2019-11-27,0.58%,0.63%,0.28%,-0.68%,-0.57%,-0.98%,-0.40%,0.02%,-0.08%,0.05%,0.60%,-0.29%,0.21%
2019-11-28,-0.41%,-0.49%,-0.46%,0.62%,0.23%,0.16%,0.89%,-0.12%,-0.44%,-0.51%,-0.83%,-0.59%,-0.63%
2019-11-29,0.49%,-0.48%,0.29%,-2.65%,-0.61%,-1.92%,-0.49%,0.19%,-1.83%,-2.08%,-0.48%,-0.59%,-0.84%
2019-12-02,0.57%,0.27%,0.46%,-1.10%,0.21%,-0.86%,1.38%,0.06%,-0.01%,0.08%,-0.24%,0.00%,-0.21%
2019-12-03,0.73%,0.25%,0.33%,-0.29%,0.73%,0.31%,-0.59%,0.58%,-0.05%,-0.14%,0.73%,0.45%,0.85%
2019-12-04,0.08%,0.72%,-0.61%,0.94%,0.15%,0.82%,-0.49%,0.25%,0.02%,0.17%,2.16%,-0.37%,4.55%
2019-12-05,1.58%,2.01%,2.21%,1.28%,1.09%,1.76%,0.79%,1.15%,0.30%,0.25%,0.12%,1.12%,-0.71%
2019-12-06,0.57%,0.73%,0.92%,0.86%,0.25%,0.16%,0.00%,0.57%,1.61%,1.76%,0.00%,0.07%,-0.31%
2019-12-09,1.45%,0.05%,-0.20%,-2.34%,0.81%,-1.90%,0.10%,0.06%,-0.68%,-0.60%,0.12%,-0.29%,-0.51%
2019-12-10,1.35%,-0.02%,1.19%,1.05%,0.47%,1.24%,-1.66%,0.28%,-0.02%,-0.04%,1.06%,0.00%,0.31%
2019-12-11,-0.78%,0.06%,-1.27%,-0.12%,0.42%,0.40%,-1.09%,-0.72%,-0.69%,-0.77%,-0.58%,0.74%,-0.31%
2019-12-12,0.63%,-0.48%,0.22%,-0.17%,-0.15%,0.04%,-0.90%,-0.25%,-0.36%,-0.55%,-0.12%,0.07%,0.00%
2019-12-13,1.26%,2.41%,2.27%,2.20%,1.19%,1.87%,0.71%,1.55%,1.34%,1.41%,0.64%,3.07%,-0.21%
2019-12-16,2.72%,1.69%,3.10%,0.00%,0.71%,0.71%,0.60%,1.57%,-0.21%,-0.40%,0.60%,-0.40%,0.31%
2019-12-17,0.60%,1.32%,1.18%,0.40%,0.36%,0.35%,1.10%,1.41%,0.86%,0.93%,2.37%,0.94%,1.54%
2019-12-18,0.23%,-0.60%,0.50%,-1.86%,-0.09%,-1.56%,-0.20%,-0.31%,-0.07%,-0.10%,-0.23%,0.00%,0.61%
2019-12-19,-0.30%,-0.19%,-0.55%,-0.58%,-0.19%,0.34%,-0.20%,0.18%,-0.55%,-0.73%,0.00%,-0.29%,-0.50%
2019-12-20,-2.33%,-0.17%,-1.31%,-0.98%,0.07%,-0.92%,0.00%,-0.54%,-0.09%,-0.16%,-0.93%,-0.36%,-0.40%
2019-12-23,-3.08%,-0.53%,-2.41%,-0.35%,-0.61%,-0.71%,-1.69%,-1.38%,-0.67%,-0.53%,-0.70%,-1.66%,0.10%
2019-12-24,1.43%,2.30%,1.84%,0.29%,0.82%,0.39%,0.91%,1.87%,0.60%,0.59%,4.01%,0.15%,2.73%
2019-12-25,1.49%,0.96%,1.08%,-0.12%,0.32%,0.33%,0.60%,0.70%,-0.77%,-0.76%,0.00%,-0.29%,0.89%
2019-12-26,0.46%,0.36%,0.43%,0.35%,0.82%,1.30%,1.00%,0.57%,0.38%,0.30%,1.25%,0.74%,0.39%
2019-12-27,-1.84%,-0.42%,-1.93%,-0.58%,-0.61%,-1.12%,-0.30%,-0.65%,0.82%,0.95%,2.69%,-0.22%,2.14%
2019-12-30,0.63%,0.96%,0.72%,0.06%,1.64%,-0.04%,1.09%,1.00%,1.99%,2.04%,0.98%,2.27%,0.19%
2019-12-31,0.23%,0.18%,0.49%,1.58%,0.77%,2.07%,0.49%,0.32%,0.34%,0.24%,0.43%,-0.36%,1.33%
2020-01-02,2.64%,2.16%,3.15%,-0.29%,3.12%,-0.16%,1.85%,1.91%,-0.17%,-0.41%,1.18%,1.44%,0.84%
2020-01-03,0.83%,0.83%,0.54%,-0.75%,-0.51%,-0.10%,-0.67%,0.56%,-0.88%,-1.12%,1.28%,0.57%,3.72%
2020-01-06,1.27%,1.16%,1.02%,-0.87%,0.76%,-0.66%,0.58%,1.73%,-0.95%,-0.99%,2.73%,-1.06%,5.38%
2020-01-07,1.26%,0.17%,0.51%,1.94%,1.97%,1.84%,1.15%,0.94%,1.37%,1.39%,-0.92%,0.78%,-2.38%
2020-01-08,-1.90%,-0.69%,-1.47%,-0.29%,-0.37%,-1.05%,-1.51%,-0.52%,-0.37%,-0.22%,0.00%,-1.62%,2.96%
2020-01-09,2.76%,1.36%,2.58%,3.59%,1.48%,2.50%,1.83%,0.94%,1.64%,1.55%,-1.24%,0.72%,-4.66%
2020-01-10,-0.07%,0.13%,-0.09%,0.50%,0.94%,0.48%,-0.47%,-0.24%,1.22%,1.20%,-0.42%,-0.21%,-0.89%
2020-01-13,2.10%,1.72%,2.12%,0.89%,1.63%,0.84%,0.85%,1.54%,1.28%,1.61%,0.52%,1.14%,-0.09%
2020-01-14,-0.92%,-0.23%,-0.40%,-1.10%,-0.54%,-0.89%,-0.47%,0.70%,-1.22%,-1.22%,2.30%,0.07%,0.99%
2020-01-15,1.22%,-0.36%,0.60%,1.62%,0.28%,1.10%,-0.28%,-0.79%,0.61%,0.83%,-2.04%,-0.78%,-1.42%
2020-01-16,0.57%,0.09%,0.10%,1.64%,0.28%,-0.06%,-0.47%,-0.21%,0.23%,0.23%,-0.52%,-1.35%,-1.26%
2020-01-17,0.49%,0.05%,-0.19%,1.29%,0.26%,1.08%,0.00%,-0.50%,-0.18%,-0.39%,0.00%,0.00%,0.37%
2020-01-20,2.10%,1.38%,2.76%,2.08%,0.07%,3.19%,1.05%,1.58%,-0.32%,-0.43%,0.31%,1.30%,0.36%
2020-01-21,-1.30%,-0.07%,-1.30%,0.10%,-0.28%,1.93%,-1.60%,-1.21%,-2.04%,-2.14%,-2.19%,-1.92%,-1.09%
2020-01-22,2.36%,3.03%,2.52%,0.05%,1.54%,-1.15%,0.67%,1.74%,0.02%,-0.03%,0.85%,-0.15%,-1.37%
2020-01-23,-3.40%,-2.41%,-3.36%,-2.81%,-2.62%,-0.90%,-2.66%,-2.96%,-3.59%,-3.69%,-2.86%,-2.40%,-1.86%
2020-02-03,-8.79%,-6.44%,-8.41%,-4.82%,-7.24%,-2.67%,-6.35%,-8.41%,-7.23%,-7.37%,-8.71%,-7.30%,-7.76%
2020-02-04,2.47%,6.55%,4.32%,4.05%,4.43%,3.30%,1.04%,1.95%,1.21%,1.59%,1.07%,2.49%,1.13%
2020-02-05,2.86%,0.71%,1.17%,1.30%,2.16%,3.11%,1.86%,2.11%,1.19%,1.20%,2.83%,0.00%,2.74%
2020-02-06,4.24%,1.10%,3.49%,3.42%,2.45%,3.66%,1.62%,2.23%,1.80%,1.64%,0.92%,0.86%,0.10%
2020-02-07,3.58%,-0.83%,1.23%,-1.08%,-0.10%,-2.59%,0.50%,1.14%,1.20%,1.09%,-0.68%,-0.47%,-0.39%
2020-02-10,0.00%,1.85%,0.23%,0.47%,2.32%,0.38%,0.79%,1.63%,0.26%,0.01%,3.09%,-0.31%,2.77%
2020-02-11,-0.75%,1.12%,0.91%,0.73%,1.35%,-0.64%,0.69%,-0.60%,1.14%,1.40%,0.78%,0.78%,0.39%
2020-02-12,3.89%,2.04%,2.38%,1.81%,1.99%,1.08%,0.68%,3.30%,0.35%,0.26%,3.86%,0.47%,2.50%
2020-02-13,-0.75%,-0.31%,-0.50%,-0.86%,-0.44%,-0.77%,-0.87%,-0.22%,-1.16%,-0.97%,1.06%,-0.77%,2.25%
2020-02-14,0.30%,-0.39%,-0.13%,0.61%,0.19%,2.11%,0.59%,-0.68%,-0.11%,-0.14%,1.68%,0.78%,0.37%
2020-02-17,3.79%,3.39%,3.86%,2.59%,4.50%,1.30%,2.24%,3.03%,1.15%,1.02%,2.17%,2.09%,1.64%
2020-02-18,2.59%,0.72%,1.17%,-0.45%,2.03%,-0.82%,0.38%,1.56%,-0.35%,-0.42%,-0.10%,-0.83%,1.35%
2020-02-19,-1.59%,-1.74%,-1.12%,-1.54%,-0.51%,-2.26%,-0.47%,-1.02%,1.04%,1.02%,-2.02%,0.23%,0.00%
2020-02-20,1.71%,1.67%,2.94%,1.26%,2.39%,1.09%,1.91%,1.67%,2.65%,2.74%,0.52%,2.06%,-0.44%
2020-02-21,3.18%,0.99%,2.41%,0.80%,0.47%,0.68%,-0.19%,0.95%,-0.15%,-0.24%,1.13%,-0.07%,3.65%
2020-02-24,3.45%,0.43%,3.63%,0.54%,1.83%,1.43%,-0.09%,0.39%,-0.96%,-1.26%,-0.81%,-1.64%,1.12%
2020-02-25,0.44%,1.42%,1.37%,0.94%,0.10%,2.15%,-1.31%,0.40%,-0.61%,-0.72%,-0.10%,-0.84%,-1.61%
2020-02-26,-4.97%,-4.83%,-5.43%,-2.78%,-3.11%,-3.47%,-1.05%,-2.95%,-1.08%,-1.13%,-2.26%,0.00%,-3.97%
2020-02-27,0.55%,0.29%,-0.26%,1.61%,2.27%,0.59%,0.48%,0.46%,1.90%,1.81%,-0.52%,0.00%,0.99%
2020-02-28,-6.58%,-4.14%,-5.05%,-2.57%,-5.13%,-2.10%,-3.15%,-5.15%,-3.50%,-3.50%,-5.91%,-3.14%,-6.32%
2020-03-02,4.30%,1.69%,3.96%,1.98%,4.61%,2.21%,2.57%,3.49%,2.40%,2.37%,2.80%,2.22%,1.52%
2020-03-03,2.06%,0.49%,0.46%,2.53%,1.17%,2.86%,0.39%,1.34%,0.83%,1.03%,0.76%,-0.23%,1.12%
2020-03-04,-1.19%,-1.39%,-1.65%,0.48%,0.21%,-0.31%,1.05%,0.47%,1.60%,1.34%,1.19%,0.78%,1.76%
2020-03-05,-0.09%,0.77%,0.37%,2.36%,-0.48%,1.65%,2.18%,1.52%,3.89%,3.63%,1.07%,2.62%,0.64%
2020-03-06,-1.02%,-0.82%,-0.76%,0.28%,-0.66%,0.39%,-1.30%,-0.40%,-1.56%,-1.57%,-0.21%,-1.88%,0.90%
2020-03-09,-5.17%,-5.34%,-5.14%,-1.88%,-5.70%,-2.25%,-3.76%,-3.95%,-3.52%,-3.52%,-4.35%,-3.59%,-4.48%
2020-03-10,5.35%,2.37%,4.52%,-0.24%,2.48%,-0.10%,1.66%,2.12%,2.24%,2.47%,0.89%,1.59%,-0.47%
2020-03-11,-2.07%,-1.66%,-2.45%,-1.54%,-1.51%,-0.66%,-1.35%,-1.15%,-0.22%,-0.37%,-1.21%,-1.41%,-0.38%
2020-03-12,-0.96%,-2.23%,-2.49%,-3.32%,-1.95%,-2.93%,-1.95%,-2.01%,-2.07%,-2.11%,-2.56%,-1.50%,-3.40%
2020-03-13,0.49%,-0.66%,-0.71%,-1.82%,-0.60%,-1.76%,-1.19%,-0.94%,-1.29%,-1.43%,-2.05%,-1.85%,-3.13%
2020-03-16,-6.47%,-6.50%,-7.00%,-4.62%,-6.17%,-4.03%,-3.92%,-4.84%,-3.38%,-3.72%,-3.73%,-3.36%,-3.13%
2020-03-17,0.21%,-0.68%,-0.37%,-0.11%,-0.50%,0.71%,-0.52%,-0.43%,-0.99%,-1.01%,-1.45%,-0.51%,-2.19%
2020-03-18,-1.85%,-1.44%,-1.79%,-0.75%,-0.93%,-0.07%,-1.58%,-1.60%,-1.72%,-1.90%,-1.97%,-1.87%,-1.81%
2020-03-19,2.83%,-0.95%,2.06%,-1.96%,-0.27%,-1.60%,-1.18%,0.21%,-2.00%,-2.09%,-1.00%,-2.60%,-0.54%
2020-03-20,-0.10%,1.50%,0.18%,3.32%,1.47%,2.58%,0.97%,0.49%,3.18%,3.25%,1.52%,1.60%,3.38%
2020-03-23,-5.41%,-4.48%,-5.42%,-2.31%,-3.86%,-1.73%,-3.11%,-4.60%,-2.12%,-2.11%,-3.49%,-2.89%,-2.32%
2020-03-24,2.16%,1.98%,1.50%,2.91%,2.64%,1.96%,1.77%,1.63%,3.85%,3.49%,4.39%,3.16%,7.24%
2020-03-25,2.11%,3.33%,3.90%,3.89%,2.23%,4.14%,2.72%,2.51%,1.95%,1.96%,2.35%,2.89%,2.22%
2020-03-26,-1.45%,-1.37%,-1.76%,1.75%,-0.81%,2.33%,-1.16%,-1.93%,0.78%,0.53%,-0.85%,-0.68%,-0.10%
2020-03-27,-1.47%,0.21%,-1.19%,0.56%,0.52%,-0.72%,0.75%,-0.12%,1.51%,1.44%,-0.37%,0.00%,0.20%
2020-03-30,-3.52%,-1.34%,-2.86%,-1.86%,-1.62%,-2.30%,-1.59%,-1.79%,-0.74%,-0.78%,-2.45%,-0.60%,-3.05%
2020-03-31,-0.33%,0.40%,0.24%,2.35%,0.10%,2.39%,0.65%,-0.15%,3.48%,3.22%,1.13%,-0.52%,0.00%
2020-04-01,-0.11%,0.79%,0.60%,-1.40%,-0.37%,-0.96%,-0.21%,0.34%,-1.41%,-1.28%,1.36%,-0.35%,1.63%
2020-04-02,4.22%,2.66%,4.01%,1.22%,1.81%,0.99%,1.40%,2.38%,0.85%,1.05%,0.73%,1.04%,-1.40%
2020-04-03,-1.60%,-1.04%,-1.51%,0.75%,-0.07%,0.36%,-0.53%,-1.21%,0.46%,0.33%,-0.97%,-1.12%,-0.10%
2020-04-07,3.57%,3.53%,2.99%,2.93%,3.45%,3.40%,1.92%,2.62%,3.10%,2.99%,3.68%,1.39%,5.89%
2020-04-08,0.00%,-0.69%,-0.33%,-0.58%,-0.72%,-1.25%,-0.21%,-0.09%,-0.82%,-0.69%,-0.12%,-1.03%,-0.38%
2020-04-09,0.63%,-0.29%,0.00%,4.47%,2.05%,3.16%,0.10%,0.07%,1.12%,0.92%,-0.12%,0.26%,0.67%
2020-04-10,-3.63%,-1.02%,-3.14%,-1.44%,-1.01%,-1.61%,-1.36%,-1.88%,-0.25%,0.08%,-1.19%,0.69%,-0.48%
2020-04-13,-2.26%,-0.82%,-2.23%,0.71%,0.45%,0.88%,-0.85%,-1.33%,-0.17%,-0.29%,-0.12%,-0.69%,0.58%
2020-04-14,2.54%,3.21%,3.52%,1.69%,1.67%,2.57%,2.03%,2.57%,1.33%,1.54%,3.37%,1.38%,3.34%
2020-04-15,-0.54%,-0.17%,0.19%,-1.24%,-0.21%,0.37%,-0.84%,-0.27%,-0.95%,-0.83%,-0.81%,-0.60%,-0.74%
2020-04-16,1.41%,0.37%,0.68%,0.84%,0.23%,2.43%,-0.11%,0.89%,-0.40%,-0.49%,0.00%,-0.34%,0.93%
2020-04-17,0.64%,1.46%,1.30%,-0.46%,0.45%,-1.00%,0.74%,0.31%,0.36%,0.74%,-0.70%,2.84%,-3.14%
2020-04-20,2.33%,1.74%,1.18%,1.49%,1.55%,2.53%,0.74%,0.32%,0.90%,0.73%,-0.12%,0.75%,-0.10%
2020-04-21,0.10%,-0.48%,-1.08%,-0.64%,-0.62%,-0.69%,-1.15%,-1.13%,-1.16%,-1.44%,-1.65%,-1.25%,-1.24%
2020-04-22,0.21%,0.22%,0.40%,2.03%,1.48%,1.09%,0.42%,1.03%,2.74%,2.55%,0.24%,0.17%,-0.39%
2020-04-23,-1.34%,-0.36%,-1.48%,0.14%,0.16%,2.01%,0.11%,-0.88%,0.29%,0.45%,0.12%,0.17%,1.94%
2020-04-24,-2.41%,-0.88%,-1.57%,-1.89%,-0.91%,-2.93%,-1.26%,-1.06%,0.32%,0.57%,-0.48%,-1.51%,-0.76%
2020-04-27,-0.75%,0.55%,0.55%,2.02%,1.18%,2.37%,1.60%,0.02%,0.17%,0.18%,-1.56%,1.28%,-2.11%
2020-04-28,-0.43%,1.34%,1.36%,1.31%,0.56%,0.43%,0.73%,-0.69%,1.81%,1.99%,-1.59%,1.01%,-1.57%
2020-04-29,-0.43%,0.56%,0.50%,-1.33%,0.67%,-1.45%,0.42%,0.31%,-2.07%,-2.21%,0.00%,2.16%,0.10%
2020-04-30,4.47%,1.94%,4.06%,-1.71%,1.82%,-1.47%,1.55%,3.05%,-0.43%,-0.39%,2.36%,0.41%,0.99%
2020-05-06,2.71%,1.72%,2.15%,1.56%,1.55%,1.29%,0.31%,1.72%,1.49%,1.35%,2.18%,-0.73%,1.08%
2020-05-07,-0.71%,0.25%,-0.63%,0.63%,0.26%,0.31%,-0.61%,-0.39%,1.32%,1.27%,-0.48%,-0.57%,-0.68%
2020-05-08,2.05%,1.12%,0.94%,0.67%,1.22%,0.99%,1.33%,0.71%,1.08%,0.99%,1.19%,0.33%,2.25%
2020-05-11,-0.40%,0.05%,-0.03%,-1.52%,-0.26%,-0.43%,0.71%,-0.29%,-0.64%,-0.48%,-1.18%,0.82%,-1.44%
2020-05-12,0.30%,0.99%,0.41%,3.12%,1.81%,2.13%,-0.40%,-0.12%,1.33%,1.09%,-0.84%,-0.81%,-0.49%
2020-05-13,-0.20%,0.73%,0.24%,3.77%,0.96%,1.06%,0.20%,0.43%,2.19%,1.94%,0.60%,-0.25%,0.49%
2020-05-14,-0.70%,-1.27%,-1.05%,-0.25%,-0.80%,-0.69%,-0.90%,-1.11%,-0.69%,-0.69%,-0.72%,-1.56%,0.00%
2020-05-15,0.81%,0.05%,0.38%,-0.93%,0.43%,0.14%,-0.51%,0.31%,-0.56%,-0.75%,1.08%,-0.17%,1.26%
2020-05-18,-1.81%,-0.11%,-2.86%,2.40%,1.65%,1.95%,-0.10%,-0.75%,2.39%,2.40%,2.74%,-0.17%,4.89%
2020-05-19,2.35%,2.06%,2.19%,0.84%,1.60%,1.52%,1.53%,1.30%,0.72%,0.63%,-1.16%,0.92%,-2.93%
2020-05-20,-1.30%,-0.33%,-0.73%,-1.78%,-1.22%,-1.77%,-0.60%,0.13%,-1.01%,-0.83%,0.59%,0.25%,1.23%
2020-05-21,-2.43%,-1.18%,-1.78%,1.01%,-0.40%,0.89%,0.00%,-1.55%,0.48%,0.56%,-1.28%,-0.75%,-2.79%
2020-05-22,-1.76%,-2.08%,-2.11%,-1.75%,-2.17%,-2.41%,-1.62%,-2.00%,-2.83%,-2.99%,-1.65%,-2.59%,-1.53%
2020-05-25,-2.11%,0.32%,-1.65%,1.45%,0.11%,1.43%,0.00%,-0.56%,2.60%,2.27%,-1.08%,-0.86%,-1.26%
2020-05-26,2.27%,2.31%,2.47%,2.77%,2.51%,2.81%,1.75%,2.20%,1.15%,0.87%,1.58%,0.69%,2.36%
2020-05-27,-1.90%,-0.22%,-1.92%,-2.04%,-0.01%,-2.41%,0.00%,-0.56%,-0.64%,-0.75%,-0.96%,0.00%,-1.64%
2020-05-28,-0.11%,-0.50%,0.12%,-0.83%,0.71%,-1.45%,-0.40%,-0.40%,-0.04%,0.00%,1.69%,1.54%,2.05%
2020-05-29,0.43%,2.05%,0.71%,3.74%,1.58%,2.38%,0.61%,0.61%,1.51%,1.39%,0.48%,-0.84%,-0.19%
2020-06-01,4.07%,2.90%,4.73%,1.62%,3.36%,1.40%,1.81%,3.07%,2.25%,2.61%,2.25%,1.79%,2.50%
2020-06-02,0.21%,-1.89%,0.96%,-2.15%,-0.74%,-2.05%,0.40%,0.56%,-1.74%,-1.26%,-0.23%,2.01%,-1.59%
2020-06-03,-0.41%,1.02%,0.48%,0.81%,-0.16%,1.11%,-0.20%,-0.22%,-0.49%,-0.50%,-0.70%,0.57%,-1.14%
2020-06-04,-0.93%,0.79%,-0.12%,1.13%,0.51%,1.26%,0.39%,0.66%,1.47%,1.33%,0.58%,-0.41%,-1.35%
2020-06-05,0.42%,0.58%,0.91%,1.68%,0.21%,0.99%,0.00%,0.33%,0.10%,0.38%,-0.58%,0.25%,-0.49%
2020-06-08,-0.52%,-0.22%,0.64%,-1.65%,0.21%,-1.44%,0.49%,0.42%,-0.05%,0.39%,1.52%,2.04%,1.08%
2020-06-09,0.21%,0.82%,0.08%,1.16%,1.02%,1.81%,1.08%,0.31%,1.06%,1.00%,0.00%,0.16%,-0.87%
2020-06-10,0.42%,1.53%,1.35%,2.60%,1.01%,1.87%,-0.19%,0.00%,0.45%,0.34%,-0.57%,-1.04%,0.59%
2020-06-11,0.31%,0.71%,-0.44%,-0.50%,0.17%,-0.07%,-0.97%,0.23%,-1.54%,-1.48%,0.35%,-1.70%,0.97%
2020-06-12,-0.31%,0.32%,-0.02%,1.58%,0.68%,1.31%,0.29%,-0.40%,0.60%,0.66%,-1.15%,-0.25%,-1.54%
2020-06-15,-0.73%,-1.43%,-1.15%,1.10%,-0.86%,1.92%,-0.88%,-0.04%,-1.08%,-1.48%,-0.82%,-1.40%,-1.57%
2020-06-16,1.98%,1.78%,2.23%,2.03%,1.72%,1.96%,1.38%,1.88%,1.55%,1.36%,2.70%,1.34%,1.00%
2020-06-17,-0.20%,-0.13%,0.12%,1.36%,0.63%,3.11%,0.19%,-0.14%,-0.14%,-0.22%,0.46%,-0.41%,0.89%
2020-06-18,1.03%,0.19%,2.39%,-2.66%,-0.30%,-2.46%,0.58%,0.42%,0.03%,0.22%,0.68%,0.50%,-0.68%
2020-06-19,0.41%,1.77%,0.65%,3.10%,1.44%,1.96%,0.10%,1.34%,2.31%,2.41%,0.45%,0.58%,1.18%
2020-06-22,1.42%,0.28%,1.09%,0.11%,0.15%,0.88%,-0.39%,0.60%,-0.71%,-0.61%,0.79%,-0.16%,2.14%
2020-06-23,0.50%,1.36%,1.08%,2.97%,1.42%,2.25%,-0.29%,0.08%,2.35%,2.40%,-0.22%,-1.07%,-0.48%
2020-06-24,0.20%,0.57%,0.52%,-0.81%,0.71%,-1.08%,1.36%,0.23%,0.14%,0.26%,-0.11%,0.83%,2.10%
2020-06-29,-1.19%,0.44%,-0.78%,1.67%,1.09%,1.21%,-0.19%,-0.11%,0.42%,0.30%,-0.78%,-1.56%,0.56%
2020-06-30,2.00%,1.60%,3.26%,1.33%,1.29%,1.50%,0.77%,1.05%,1.52%,1.33%,0.57%,0.42%,-0.09%
2020-07-01,0.20%,0.16%,0.32%,-2.31%,0.82%,-1.91%,1.05%,0.38%,3.30%,3.56%,2.02%,2.83%,1.58%
2020-07-02,1.37%,-0.30%,0.49%,-1.34%,-0.94%,-1.22%,1.51%,1.57%,1.36%,1.80%,1.21%,3.88%,-1.28%
2020-07-03,1.64%,0.42%,0.89%,1.39%,0.93%,1.74%,1.21%,1.26%,-0.75%,-0.68%,1.74%,3.97%,0.65%
2020-07-06,4.95%,2.81%,3.75%,-1.02%,1.23%,-0.59%,3.48%,3.90%,2.19%,2.48%,5.99%,8.31%,3.88%
2020-07-07,2.54%,4.78%,2.52%,2.06%,1.99%,2.52%,-0.35%,1.36%,2.23%,2.66%,1.01%,-0.41%,3.20%
2020-07-08,3.54%,1.67%,2.13%,0.10%,1.17%,0.08%,1.24%,2.17%,0.89%,0.64%,4.00%,3.13%,2.84%
2020-07-09,3.42%,1.85%,2.79%,3.41%,1.82%,4.40%,2.46%,2.19%,1.23%,1.18%,3.55%,0.94%,7.04%
2020-07-10,-0.91%,-0.79%,-1.11%,1.48%,0.55%,3.00%,-1.97%,-0.89%,0.91%,0.86%,-2.88%,-4.40%,-4.54%
2020-07-13,2.17%,3.62%,2.72%,3.12%,3.19%,4.36%,1.66%,3.82%,3.66%,3.61%,4.39%,0.35%,2.70%
2020-07-14,-2.61%,-2.02%,-2.39%,-0.52%,0.56%,0.38%,-0.43%,-1.39%,0.04%,0.16%,-2.20%,-1.25%,-1.84%
2020-07-15,-3.77%,-1.07%,-2.89%,1.49%,0.69%,-0.16%,-1.73%,-1.41%,1.70%,1.65%,-2.53%,-0.70%,-0.16%
2020-07-16,-5.57%,-5.41%,-5.15%,-6.06%,-4.51%,-5.16%,-1.93%,-2.38%,-6.73%,-6.79%,-3.26%,-2.98%,-4.32%
2020-07-17,-0.74%,1.29%,1.01%,1.83%,2.65%,1.57%,-0.36%,0.59%,1.65%,1.59%,0.00%,-1.10%,-0.51%
2020-07-20,3.06%,2.24%,1.85%,-1.57%,2.16%,-0.76%,3.60%,3.58%,-0.48%,-0.87%,5.16%,5.99%,4.88%
2020-07-21,-0.27%,2.09%,0.46%,4.16%,2.56%,4.50%,1.04%,0.09%,2.13%,2.05%,-0.28%,-0.98%,3.43%
2020-07-22,0.90%,0.05%,1.60%,1.66%,0.34%,1.81%,0.69%,0.51%,1.77%,1.72%,1.32%,-0.70%,3.86%
2020-07-23,-1.34%,2.75%,-0.95%,2.65%,2.29%,4.24%,0.09%,0.16%,0.51%,0.50%,-0.09%,-1.35%,0.23%
2020-07-24,-4.72%,-4.86%,-5.53%,-5.98%,-4.21%,-6.17%,-3.50%,-4.69%,-4.45%,-4.26%,-3.46%,-3.52%,0.15%
2020-07-27,0.76%,1.49%,0.88%,1.26%,1.54%,1.79%,-0.18%,0.37%,1.25%,1.24%,3.49%,-0.30%,7.64%
2020-07-28,0.57%,0.08%,1.42%,0.20%,1.94%,0.68%,0.44%,0.75%,3.25%,3.09%,-0.19%,0.00%,-3.51%
2020-07-29,3.38%,3.30%,3.13%,2.97%,2.85%,4.64%,1.85%,2.67%,0.92%,0.78%,0.94%,2.24%,0.95%
2020-07-30,-1.18%,0.99%,-1.62%,-0.06%,1.19%,1.29%,0.78%,0.85%,0.32%,0.36%,-1.58%,-1.46%,-2.02%
2020-07-31,1.38%,1.67%,2.26%,1.78%,2.00%,2.34%,1.55%,1.40%,0.46%,0.55%,1.23%,0.30%,3.02%
2020-08-03,3.81%,1.68%,2.74%,2.00%,1.49%,2.52%,2.03%,1.98%,0.78%,0.52%,1.49%,1.48%,-0.43%
2020-08-04,-1.49%,-0.82%,-1.82%,-1.74%,-0.44%,-1.36%,-0.33%,-0.23%,-0.45%,-0.50%,0.55%,3.50%,-1.08%
2020-08-05,1.51%,0.48%,0.50%,1.74%,1.67%,1.76%,0.33%,0.53%,0.85%,0.63%,2.56%,-1.69%,4.64%
2020-08-06,0.96%,-0.52%,-0.52%,-2.54%,0.54%,-3.81%,-0.33%,-0.40%,-1.74%,-1.84%,2.23%,0.72%,3.88%
2020-08-07,-1.56%,-0.37%,-1.55%,-0.97%,-0.06%,-0.90%,-0.50%,-0.90%,-0.73%,-0.78%,-1.66%,-1.56%,-2.00%
2020-08-10,-0.18%,0.13%,-0.72%,-0.22%,-1.77%,0.47%,-0.33%,1.15%,0.40%,0.17%,-2.57%,2.24%,-3.00%
2020-08-11,-2.64%,-1.39%,-1.46%,-1.30%,-1.18%,-1.34%,-0.59%,-1.25%,0.48%,0.60%,-2.36%,-0.57%,-4.07%
2020-08-12,-1.18%,-2.34%,-0.01%,-3.09%,-2.33%,-4.23%,0.08%,-0.40%,-1.77%,-1.58%,-1.40%,0.64%,-4.98%
2020-08-13,-0.46%,0.44%,-0.41%,-1.69%,0.43%,-2.68%,0.76%,0.65%,0.11%,0.13%,-0.66%,-0.78%,0.31%
2020-08-14,1.56%,1.16%,2.01%,0.41%,1.28%,1.18%,0.50%,0.64%,2.11%,2.16%,0.29%,3.63%,0.69%
2020-08-17,1.90%,1.54%,2.11%,1.08%,2.06%,1.25%,2.00%,1.54%,1.64%,1.73%,2.84%,5.01%,4.27%
2020-08-18,0.09%,0.65%,-0.78%,1.20%,1.72%,0.96%,0.57%,0.60%,1.76%,1.41%,1.29%,-0.18%,4.17%
2020-08-19,-2.93%,-2.71%,-2.83%,-2.89%,-1.89%,-4.80%,-0.89%,-1.71%,0.57%,0.28%,-0.46%,-3.00%,-2.67%
2020-08-20,-0.73%,-2.45%,-0.40%,-0.14%,-1.73%,-1.11%,-1.23%,-1.45%,-1.78%,-1.69%,-1.65%,-1.34%,-2.38%
2020-08-21,-0.37%,1.02%,1.52%,1.12%,1.16%,0.70%,0.33%,0.38%,2.30%,1.79%,-0.28%,0.84%,-0.59%
2020-08-24,0.93%,2.56%,3.51%,0.00%,1.24%,-0.81%,0.33%,1.53%,0.92%,1.23%,1.58%,-1.35%,2.16%
2020-08-25,-0.18%,-1.24%,-0.44%,1.31%,0.10%,0.37%,0.08%,-0.52%,1.53%,2.02%,-1.83%,0.00%,-1.75%
2020-08-26,-2.48%,-2.26%,-2.32%,0.00%,-1.60%,-1.22%,-1.64%,-1.20%,-0.04%,0.29%,-1.96%,-1.79%,-1.56%
2020-08-27,1.51%,2.26%,0.46%,1.65%,1.06%,1.60%,0.84%,0.67%,1.86%,1.76%,0.67%,0.21%,1.28%
2020-08-28,0.83%,2.03%,1.62%,3.09%,2.86%,3.21%,1.58%,1.13%,3.11%,2.89%,1.61%,1.81%,1.04%
2020-08-31,-0.37%,0.00%,-0.66%,-0.38%,-1.67%,-1.48%,-0.49%,-0.40%,0.88%,0.84%,1.03%,-1.78%,1.76%
2020-09-01,0.28%,3.53%,1.02%,-0.10%,1.65%,-0.67%,0.00%,1.29%,-0.51%,-0.44%,2.03%,0.11%,3.11%
2020-09-02,0.09%,-0.34%,0.88%,-0.38%,-1.19%,-0.40%,0.00%,0.47%,0.16%,0.23%,-2.08%,-0.32%,-3.36%
2020-09-03,-1.29%,-1.24%,-1.26%,-0.38%,-0.97%,-0.32%,0.41%,-1.02%,-0.56%,-0.25%,-1.39%,-0.75%,-1.81%
2020-09-04,0.00%,-0.92%,-0.66%,-2.05%,-1.73%,-0.50%,0.08%,-0.03%,-2.64%,-2.53%,-0.37%,-0.97%,-0.15%
2020-09-07,-1.86%,-3.02%,-3.27%,-4.05%,-2.93%,-4.06%,-1.06%,-0.58%,-2.79%,-2.38%,-0.47%,-0.98%,-1.92%
2020-09-08,0.00%,-0.19%,-0.46%,-0.14%,-0.68%,0.31%,-0.08%,0.45%,-1.17%,-1.22%,0.38%,3.19%,-1.51%
2020-09-09,-3.42%,-3.01%,-3.18%,-4.09%,-1.96%,-6.30%,-1.57%,-1.15%,-2.96%,-2.61%,-2.26%,-1.17%,-2.14%
2020-09-10,-3.24%,-0.32%,-1.34%,0.18%,0.22%,-0.11%,-0.92%,-1.00%,0.80%,1.03%,-0.10%,0.75%,0.08%
2020-09-11,1.32%,4.58%,2.89%,1.60%,3.00%,1.21%,0.93%,1.21%,1.73%,1.73%,0.10%,0.21%,0.23%
2020-09-14,0.90%,2.19%,0.60%,-1.26%,0.59%,-1.16%,0.59%,0.94%,0.50%,0.54%,1.44%,-0.11%,0.62%
2020-09-15,0.40%,1.31%,0.52%,1.38%,2.00%,1.99%,0.25%,0.02%,0.94%,0.78%,1.14%,0.96%,2.79%
2020-09-16,-1.39%,1.15%,-0.98%,-2.20%,-1.01%,-2.13%,-0.17%,0.29%,-1.50%,-1.55%,-0.47%,-0.21%,-1.66%
2020-09-17,0.90%,2.09%,0.27%,-1.57%,-0.07%,-1.02%,0.33%,0.41%,-1.84%,-1.88%,-1.13%,-0.21%,-2.91%
2020-09-18,1.49%,0.45%,1.63%,1.23%,1.55%,1.19%,0.83%,0.45%,1.50%,1.61%,2.57%,5.74%,2.21%
2020-09-21,0.20%,-0.94%,-0.93%,-0.82%,-0.86%,-0.51%,-0.08%,-0.32%,-1.45%,-1.53%,-0.46%,-1.61%,-0.31%
2020-09-22,-1.57%,-1.21%,-1.08%,0.43%,-1.42%,0.68%,-0.99%,-1.27%,-0.45%,-0.46%,-2.80%,-1.74%,-3.18%
2020-09-23,0.10%,2.16%,0.69%,3.88%,1.45%,4.57%,0.42%,0.71%,0.20%,-0.02%,-0.77%,-0.62%,-1.28%
2020-09-24,-2.58%,-3.57%,-2.36%,-1.24%,-2.75%,-0.71%,-1.41%,-1.84%,-1.67%,-1.60%,-3.58%,-0.84%,-2.19%
2020-09-25,-0.31%,0.29%,0.22%,0.91%,-0.10%,-0.01%,0.08%,-0.10%,0.36%,0.31%,0.40%,0.21%,0.91%
2020-09-28,-1.33%,1.04%,0.13%,-1.63%,0.62%,-2.28%,-0.17%,0.08%,0.45%,0.71%,-0.30%,0.32%,0.74%
2020-09-29,1.45%,1.84%,1.35%,0.85%,1.07%,0.77%,0.67%,0.59%,0.45%,0.30%,0.70%,-0.63%,0.33%
2020-09-30,-0.51%,1.44%,-0.07%,1.82%,0.45%,1.35%,-0.08%,0.24%,0.72%,0.69%,-0.80%,-1.06%,-0.24%
2020-10-09,2.57%,5.29%,3.27%,2.75%,2.54%,3.11%,1.76%,2.83%,1.91%,1.99%,2.61%,1.49%,1.63%
2020-10-12,3.90%,3.04%,2.09%,3.64%,2.15%,3.22%,1.56%,2.10%,3.72%,4.05%,2.74%,3.68%,2.97%
2020-10-13,0.77%,2.37%,0.59%,1.55%,0.54%,0.88%,0.57%,0.62%,0.54%,0.46%,-0.19%,-0.10%,0.62%
2020-10-14,-1.63%,-0.10%,-1.55%,-0.06%,-1.90%,-0.39%,1.29%,0.53%,-0.31%,-0.29%,-1.34%,-0.30%,-1.08%
2020-10-15,-0.58%,-1.84%,-0.46%,-0.95%,-1.26%,-0.84%,0.32%,-1.26%,-0.30%,-0.30%,0.29%,1.22%,-0.47%
2020-10-16,-0.88%,-1.01%,-0.98%,0.29%,-0.94%,0.41%,0.32%,-1.04%,-0.72%,-0.76%,-0.48%,1.41%,-0.39%
2020-10-19,0.00%,-2.64%,-0.47%,-2.40%,-2.49%,-2.31%,-0.39%,-1.34%,-1.59%,-1.41%,0.39%,0.40%,1.50%
2020-10-20,0.69%,2.42%,1.45%,1.28%,0.59%,0.68%,0.32%,1.49%,2.74%,2.74%,0.48%,-0.49%,-1.24%
2020-10-21,-2.25%,-1.75%,-1.61%,-0.13%,-1.43%,0.05%,-0.55%,-2.01%,0.04%,0.12%,0.38%,2.09%,1.10%
2020-10-22,-0.40%,-0.41%,-0.44%,-1.30%,-0.72%,-2.91%,-0.48%,-0.38%,0.57%,0.57%,-0.38%,-1.07%,-1.79%
2020-10-23,-1.41%,-1.80%,-1.14%,-3.78%,-1.78%,-4.82%,-0.48%,-1.41%,-2.67%,-2.61%,-0.48%,0.10%,-1.43%
2020-10-26,-0.51%,2.16%,0.65%,0.89%,1.01%,1.46%,-0.08%,1.37%,-0.79%,-1.01%,0.00%,-1.18%,-0.80%
2020-10-27,-0.10%,1.54%,0.25%,3.52%,1.11%,2.37%,-0.08%,0.29%,0.68%,0.54%,0.77%,0.10%,1.30%
2020-10-28,-0.92%,1.36%,0.69%,0.65%,0.88%,-0.34%,0.00%,1.10%,2.39%,2.50%,0.86%,-0.99%,0.32%
2020-10-29,-0.83%,0.65%,-0.19%,2.08%,0.34%,3.73%,0.64%,0.27%,2.01%,2.24%,-0.38%,-0.50%,-1.92%
2020-10-30,-1.15%,0.18%,-1.07%,-1.65%,-1.48%,-1.55%,-1.20%,-1.47%,-3.69%,-3.42%,-2.38%,-2.42%,-1.63%
2020-11-02,-1.27%,3.42%,1.13%,0.06%,1.58%,-1.66%,0.89%,2.20%,0.09%,0.11%,1.86%,-1.34%,2.07%
2020-11-03,2.57%,-1.09%,0.99%,0.74%,0.00%,1.11%,1.44%,0.65%,1.09%,1.12%,4.31%,1.88%,3.32%
2020-11-04,-0.52%,0.41%,0.29%,0.83%,0.55%,0.17%,0.47%,-0.75%,0.67%,0.68%,0.18%,-0.51%,-0.71%
2020-11-05,1.99%,4.06%,2.16%,-0.13%,1.05%,-0.11%,1.02%,3.03%,1.61%,1.62%,1.56%,0.31%,1.03%
2020-11-06,-0.21%,-1.46%,0.28%,-2.26%,-1.37%,-3.64%,-0.16%,-1.14%,-0.84%,-0.71%,1.72%,-0.93%,1.88%
2020-11-09,3.61%,0.49%,2.08%,2.83%,0.69%,1.84%,1.40%,1.39%,1.38%,1.66%,3.11%,2.29%,0.84%
2020-11-10,-1.59%,0.04%,-1.24%,-1.96%,-0.53%,-2.07%,0.15%,-0.57%,0.70%,0.72%,-2.07%,0.30%,-3.96%
2020-11-11,-2.63%,-2.52%,-3.07%,-3.30%,-0.44%,-3.67%,0.15%,-1.72%,-0.01%,-0.23%,-0.53%,0.51%,-1.27%
2020-11-12,-0.21%,1.07%,0.91%,1.34%,0.67%,0.90%,0.46%,0.35%,0.68%,0.43%,0.53%,-1.51%,-0.08%
2020-11-13,0.10%,0.58%,-0.48%,-0.23%,0.01%,-0.21%,-0.69%,0.37%,-2.36%,-2.16%,1.06%,-2.35%,0.08%
2020-11-16,0.21%,-0.42%,-0.65%,0.76%,-0.10%,1.01%,0.92%,-0.11%,2.12%,2.12%,4.26%,1.78%,2.97%
2020-11-17,-0.52%,-2.58%,-1.26%,-3.22%,-2.14%,-3.29%,-1.22%,-1.44%,-0.97%,-1.01%,-1.09%,0.72%,-1.40%
2020-11-18,-0.42%,-1.15%,-0.40%,-3.36%,-1.23%,-1.72%,-0.23%,-0.32%,-0.56%,-0.79%,0.84%,1.74%,0.55%
2020-11-19,1.15%,1.08%,0.77%,1.09%,2.33%,0.79%,-0.39%,0.21%,0.94%,0.78%,-0.92%,0.90%,-1.18%
