DATE,165523,004812,160224,003095,000977,161726,090013,163114,001631,160222,165520,167301,001302,003634,501057,000594,180020,003304,161725,160517,164403,020001,400015,004854,004856,005541,005037
2019-01-02,0.9240,0.8028,0.6910,0.9550,0.7724,0.7899,0.9360,0.9017,1.1335,1.0221,0.7380,0.9860,0.8130,0.8523,0.7581,1.2810,0.7860,0.9830,0.8344,0.8578,0.9230,0.7585,1.0105,0.6711,0.7338,1.2042,0.6594
2019-01-03,0.919,0.7916,0.6806,0.943,0.7637,0.7792,0.929,0.8951,1.1107,1.0013,0.745,0.997,0.835,0.8406,0.7519,1.26,0.782,1.003,0.8123,0.8653,0.925,0.7476,0.9997,0.6685,0.7217,1.2295,0.6523
2019-01-04,0.945,0.8105,0.6979,0.966,0.7777,0.7986,0.9490000000000001,0.9136,1.1301,1.0174,0.762,1.022,0.838,0.8544,0.767,1.291,0.794,1.038,0.8307,0.8821,0.936,0.7609999999999999,1.0128,0.682,0.7375,1.2637,0.6689
2019-01-07,0.9740000000000001,0.8308,0.7167,0.97,0.7881,0.8031,0.955,0.9318,1.1404,1.0248,0.7709999999999999,1.008,0.84,0.8755,0.7814,1.3130000000000002,0.804,1.035,0.8338,0.8801,0.948,0.7759999999999999,1.0288,0.6922,0.7487,1.2733,0.6854
2019-01-08,0.9670000000000001,0.8346,0.7178,0.971,0.7877,0.8034,0.956,0.9305,1.1361,1.0208,0.7609999999999999,0.996,0.815,0.8712,0.7859999999999999,1.3119999999999998,0.804,1.023,0.8349,0.8764,0.938,0.7681,1.0356,0.6934,0.7521,1.2564,0.6884
2019-01-09,0.97,0.8254,0.72,0.976,0.7954,0.8063,0.96,0.9297,1.151,1.0358,0.7609999999999999,1.009,0.818,0.8717,0.7821,1.3119999999999998,0.8059999999999999,1.028,0.8503,0.8835,0.943,0.773,1.0282,0.7027,0.7524,1.2603,0.6837
2019-01-10,0.968,0.8303,0.7196,0.97,0.7914,0.7979,0.951,0.9377,1.1466,1.0338,0.76,1.004,0.8270000000000001,0.8694,0.7763,1.306,0.8029999999999999,1.026,0.8456,0.8812,0.948,0.772,1.0242,0.6943,0.7534,1.2634,0.6908
2019-01-11,0.978,0.8305,0.7246,0.971,0.7919,0.7972,0.956,0.9432,1.1618,1.0498,0.764,1.009,0.82,0.8763,0.782,1.3090000000000002,0.805,1.026,0.8619,0.8885,0.949,0.7782,1.0274,0.6997,0.7645,1.2701,0.6881
2019-01-14,0.968,0.8272,0.7167,0.958,0.7843,0.7785,0.95,0.9396,1.1479,1.0354,0.764,0.997,0.821,0.8758,0.7791,1.301,0.804,1.023,0.8507,0.8828,0.944,0.7723,1.0227,0.6946,0.7659,1.265,0.6852
2019-01-15,0.986,0.8378,0.7304,0.973,0.7904,0.7936,0.96,0.9478,1.2011,1.0871,0.77,1.018,0.826,0.8836,0.7875,1.3219999999999998,0.81,1.038,0.9062,0.8917,0.955,0.7859999999999999,1.0352,0.698,0.7785,1.2808,0.7006
2019-01-16,0.986,0.8365,0.7265,0.987,0.7947,0.8049,0.966,0.9437,1.1978,1.0842,0.763,1.023,0.8140000000000001,0.883,0.7856,1.327,0.809,1.028,0.8959,0.8936,0.949,0.7908,1.0354,0.7022,0.7743,1.2714,0.6961
2019-01-17,0.971,0.8275,0.7166,0.98,0.7888,0.7994,0.9640000000000001,0.9348,1.1964,1.0837,0.762,1.025,0.818,0.8757,0.7759999999999999,1.321,0.804,1.025,0.8935,0.8894,0.945,0.7795,1.0296,0.6964,0.7711,1.2621,0.6905
2019-01-18,0.975,0.8394,0.7252,1.002,0.7952,0.8118,0.977,0.9401,1.2163,1.1049,0.7759999999999999,1.046,0.8170000000000001,0.8847,0.7817,1.335,0.81,1.032,0.9156,0.9047,0.952,0.7902,1.0382,0.6977,0.7835,1.2702,0.6996
2019-01-21,0.985,0.8472,0.7340000000000001,1.015,0.8017,0.8159,0.9840000000000001,0.9470000000000001,1.2335,1.1212,0.778,1.055,0.8140000000000001,0.89,0.7883,1.345,0.81,1.026,0.9285,0.9065,0.954,0.7997,1.0446,0.705,0.7863,1.2672,0.7015
2019-01-22,0.972,0.8347,0.7223,0.998,0.7938,0.8042,0.97,0.9341,1.2161,1.1034,0.768,1.04,0.8109999999999999,0.8918,0.7783,1.33,0.81,1.017,0.9125,0.8998,0.95,0.7947,1.0335,0.6965,0.7723,1.2536,0.6974
2019-01-23,0.97,0.8434,0.7197,1.0,0.7952,0.8003,0.9690000000000001,0.9359,1.216,1.1021,0.7709999999999999,1.039,0.809,0.9001,0.7874,1.3330000000000002,0.8140000000000001,1.015,0.9153,0.9022,0.954,0.7956,1.04,0.7011,0.7784,1.2514,0.7062
2019-01-24,0.9840000000000001,0.8475,0.7278,1.001,0.8009999999999999,0.7998,0.97,0.9432,1.2239,1.1086,0.767,1.046,0.804,0.9149,0.7898,1.3430000000000002,0.82,1.022,0.9231,0.9092,0.956,0.7998,1.0457,0.7005,0.7783,1.2594,0.7173
2019-01-25,0.9740000000000001,0.8537,0.7318,1.011,0.8082,0.7999,0.978,0.9412,1.2275,1.1128,0.764,1.058,0.7979999999999999,0.9101,0.7937,1.3530000000000002,0.82,1.024,0.9238,0.923,0.96,0.8049,1.0512,0.7063,0.7823,1.2582,0.7235
2019-01-28,0.9740000000000001,0.8504,0.7348,1.011,0.8067,0.7948,0.977,0.9374,1.2321,1.1182,0.763,1.058,0.812,0.9148,0.7889,1.355,0.821,1.033,0.9362,0.9222,0.967,0.8037,1.0539,0.7012,0.7835,1.2633,0.7232
2019-01-29,0.9620000000000001,0.8452,0.7255,1.0090000000000001,0.8087,0.7889,0.971,0.9255,1.2358,1.1253,0.75,1.063,0.797,0.9089,0.7737,1.351,0.82,1.024,0.9416,0.9283,0.963,0.7983,1.0494,0.6954,0.7839,1.252,0.7165
2019-01-30,0.946,0.8389,0.7164,0.997,0.8037,0.7758,0.966,0.9206,1.2154,1.1079,0.746,1.05,0.802,0.8958,0.7663,1.335,0.812,1.018,0.9223,0.9251,0.963,0.7892,1.0445,0.6898,0.7755,1.2532,0.7125
2019-01-31,0.938,0.8362,0.7197,1.004,0.8029,0.7732,0.9570000000000001,0.9084,1.2219,1.1188,0.736,1.075,0.784,0.902,0.7616,1.335,0.815,1.016,0.9367,0.9408,0.959,0.7935,1.0443,0.6841,0.7726,1.2423,0.7062
2019-02-01,0.968,0.8582,0.7441,1.035,0.8143,0.802,0.98,0.9366,1.244,1.1375,0.752,1.081,0.797,0.9074,0.7817,1.365,0.826,1.035,0.9503,0.9417,0.97,0.8114,1.0679,0.6945,0.7887,1.2673,0.728
2019-02-11,0.9940000000000001,0.8787,0.7713,1.054,0.8320000000000001,0.8229,1.0070000000000001,0.9583,1.2878,1.1794,0.773,1.089,0.812,0.9416,0.8067,1.39,0.845,1.046,0.9924,0.9407,0.99,0.8272,1.0901,0.7085,0.8037,1.2831,0.7463
2019-02-12,0.998,0.8804,0.7829,1.064,0.8401,0.8426,1.036,0.9662,1.2898,1.1782,0.778,1.092,0.823,0.9432,0.8129,1.398,0.848,1.0590000000000002,0.9954,0.9414,1.002,0.8326,1.0924,0.7203,0.8084,1.2992,0.7459
2019-02-13,1.031,0.8887,0.8138,1.079,0.852,0.8555,1.048,0.9785,1.3042,1.1933,0.7979999999999999,1.114,0.8370000000000001,0.9446,0.8338,1.41,0.858,1.083,1.0071,0.954,1.015,0.8504,1.1085,0.7367,0.8223,1.3283,0.7562
2019-02-14,1.03,0.892,0.8174,1.082,0.8539,0.8634,1.055,0.9841,1.327,1.214,0.7959999999999999,1.108,0.8390000000000001,0.9468,0.8418,1.41,0.861,1.078,1.0331,0.9491,1.012,0.8507,1.1108,0.7402,0.8212,1.3257,0.7652
2019-02-15,1.026,0.879,0.8121,1.072,0.8451,0.8579,1.045,0.9816,1.3036,1.1901,0.795,1.082,0.8420000000000001,0.9582,0.8268,1.391,0.861,1.069,1.0114,0.9316,1.018,0.8402,1.0904,0.7249,0.8089,1.3156,0.7555
2019-02-18,1.068,0.9066,0.8501,1.12,0.8647,0.8912,1.074,1.0137,1.3424,1.2249,0.8170000000000001,1.115,0.8640000000000001,0.9976,0.8535,1.44,0.884,1.112,1.051,0.949,1.052,0.8728,1.1139,0.7471,0.8383,1.3689,0.7759999999999999
2019-02-19,1.078,0.8996,0.8507,1.1059999999999999,0.8611,0.8846,1.063,1.0121,1.3295,1.2127,0.816,1.131,0.871,0.9922,0.848,1.4269999999999998,0.887,1.119,1.0452,0.9477,1.05,0.8633,1.1036,0.7489,0.8374,1.3786,0.7658
2019-02-20,1.072,0.9032,0.8539,1.094,0.8585,0.8775,1.069,1.0156,1.3226,1.2056,0.8320000000000001,1.143,0.8859999999999999,1.0172,0.8553,1.4240000000000002,0.898,1.125,1.04,0.9491,1.064,0.8629,1.1027,0.7546,0.8425,1.3832,0.7678
2019-02-21,1.08,0.9091,0.8577,1.091,0.858,0.8704,1.069,1.0056,1.3137,1.198,0.83,1.134,0.897,1.0287,0.8537,1.422,0.905,1.132,1.029,0.9449,1.079,0.8625,1.1023,0.762,0.8332,1.3901,0.764
2019-02-22,1.127,0.9311,0.8909,1.1059999999999999,0.8674,0.8873,1.082,1.0239,1.3231,1.2056,0.836,1.169,0.889,1.0274,0.8672,1.4480000000000002,0.925,1.181,1.0372,0.9571,1.092,0.8768,1.1206,0.7741,0.8426,1.4413,0.7752
2019-02-25,1.199,0.9728,0.9431,1.145,0.8981,0.9249,1.126,1.074,1.3663,1.2444,0.892,1.271,0.918,1.0423,0.9162,1.507,0.961,1.263,1.0724,1.0181,1.118,0.9167,1.1737,0.8051,0.8822,1.5321,0.8084
2019-02-26,1.1909999999999998,0.9570000000000001,0.9431,1.153,0.8923,0.9443,1.1540000000000001,1.0705,1.3454,1.2234,0.902,1.242,0.913,1.0642,0.9202,1.5019999999999998,0.956,1.233,1.0497,0.9957,1.11,0.9095,1.1716,0.8067,0.8799,1.5093,0.8041
2019-02-27,1.182,0.94,0.9231,1.1420000000000001,0.8878,0.9298,1.13,1.0607,1.3616,1.2381,0.887,1.246,0.903,1.0385,0.9044,1.48,0.954,1.218,1.0711,1.0109,1.098,0.8899,1.1547,0.8043,0.8783,1.4972,0.7872
2019-02-28,1.179,0.9507,0.9248,1.18,0.8991,0.9517,1.124,1.0648,1.3757,1.2529,0.885,1.228,0.893,1.0419,0.9057,1.495,0.962,1.192,1.0811,1.0068,1.09,0.8959999999999999,1.1431,0.799,0.8929,1.4685,0.7898
2019-03-01,1.186,0.9658,0.935,1.187,0.9157,0.9551,1.146,1.067,1.4143,1.2938,0.888,1.275,0.894,1.0622,0.9166,1.51,0.967,1.208,1.1245,1.0378,1.1,0.9041,1.1608,0.8067,0.9183,1.4859,0.8018
2019-03-04,1.214,0.982,0.9549,1.207,0.9325,0.972,1.1840000000000002,1.0919,1.4313,1.3068,0.9,1.2819999999999998,0.908,1.1001,0.9264,1.528,0.977,1.221,1.1388,1.0433,1.12,0.9142,1.1777,0.8073,0.9332,1.4993,0.8116
2019-03-05,1.273,0.9984,0.9889,1.212,0.9442,0.986,1.2229999999999999,1.1193,1.4333,1.306,0.911,1.275,0.903,1.1081,0.9363,1.548,1.004,1.214,1.1409,1.0393,1.133,0.9263,1.1917,0.8106,0.942,1.5025,0.8194
2019-03-06,1.298,1.0033,0.9958,1.204,0.9471,0.992,1.249,1.1376,1.4257,1.2945,0.935,1.287,0.931,1.107,0.9485,1.557,1.011,1.254,1.1305,1.0433,1.155,0.9258,1.2203,0.8288,0.9502,1.5469,0.8221
2019-03-07,1.3319999999999999,0.9916,0.9906,1.181,0.9471,0.9894,1.251,1.1469,1.4013,1.2641,0.956,1.265,0.936,1.1046,0.9443,1.5519999999999998,1.018,1.283,1.1002,1.0277,1.15,0.9224,1.222,0.8273,0.9515,1.5569,0.8222
2019-03-08,1.3219999999999998,0.96,0.9693,1.173,0.932,0.9775,1.22,1.0961,1.3683,1.237,0.9,1.215,0.894,1.1105,0.9023,1.503,1.005,1.203,1.07,0.9909,1.116,0.8979,1.1736,0.7853,0.9095,1.4789,0.7918
2019-03-11,1.357,1.0068,1.0038,1.2309999999999999,0.9689,1.0181,1.253,1.149,1.4091,1.2734,0.919,1.224,0.906,1.1567,0.9401,1.565,1.037,1.217,1.1111,0.9941,1.137,0.9259,1.2052,0.8057,0.9323,1.5096,0.836
2019-03-12,1.393,1.0347,1.0202,1.2329999999999999,0.9955,1.0193,1.287,1.1685,1.4103,1.2691,0.921,1.226,0.909,1.2222,0.9516,1.598,1.057,1.226,1.1021,0.9976,1.17,0.9451,1.221,0.8088,0.9394,1.5307,0.8522
2019-03-13,1.321,1.0147,0.9753,1.239,0.9679,1.0116,1.256,1.1417,1.402,1.2646,0.92,1.233,0.9,1.1674,0.94,1.564,1.027,1.211,1.1052,0.9983,1.147,0.9438,1.1991,0.7903,0.9293,1.5105,0.8421
2019-03-14,1.281,1.0089,0.9575,1.232,0.9377,0.9958,1.218,1.1106,1.4068,1.2752,0.906,1.233,0.875,1.1192,0.9333,1.538,1.014,1.183,1.1182,0.9979,1.114,0.9476,1.179,0.7826,0.9329,1.4648,0.8272
2019-03-15,1.271,1.0262,0.9604,1.268,0.9524,1.0134,1.239,1.1238,1.4344,1.2968,0.915,1.245,0.8809999999999999,1.1257,0.9417,1.567,1.023,1.1909999999999998,1.1542,1.0017,1.124,0.9555,1.1842,0.7964,0.9496,1.4685,0.8347
2019-03-18,1.3,1.0351,0.9791,1.324,0.9675,1.0482,1.27,1.1453,1.5234,1.3785,0.94,1.267,0.903,1.148,0.9557,1.615,1.041,1.214,1.2453,1.018,1.146,0.9728,1.2116,0.8109999999999999,0.9712,1.4955,0.8419
2019-03-19,1.318,1.0342,0.9892,1.3,0.9683,1.0415,1.291,1.1515,1.5035,1.3591,0.936,1.263,0.906,1.1513,0.9517,1.617,1.043,1.209,1.2324,1.0133,1.152,0.9758,1.208,0.8112,0.968,1.4998,0.8384
2019-03-20,1.306,1.0231,0.9835,1.291,0.9612,1.0339,1.276,1.1513,1.5094,1.3616,0.927,1.267,0.8959999999999999,1.1345,0.938,1.607,1.039,1.21,1.2378,1.0147,1.135,0.9612,1.1955,0.8116,0.98,1.4932,0.8344
2019-03-21,1.329,1.0268,0.9959,1.286,0.9626,1.0347,1.2690000000000001,1.1618,1.5022,1.3529,0.936,1.272,0.92,1.1388,0.9414,1.619,1.043,1.234,1.2277,1.0077,1.15,0.9705,1.2005,0.8143,0.9899,1.5171,0.8406
2019-03-22,1.321,1.0245,0.9944,1.2919999999999998,0.9681,1.0506,1.265,1.1613,1.5169,1.3666,0.928,1.263,0.913,1.123,0.9458,1.622,1.038,1.225,1.2427,1.0057,1.137,0.968,1.2026,0.8342,0.9928,1.5143,0.8414
2019-03-25,1.3259999999999998,1.0237,0.9794,1.274,0.9587,1.0325,1.244,1.15,1.4799,1.3314,0.91,1.227,0.912,1.1153,0.9357,1.598,1.038,1.207,1.2088,0.9801,1.128,0.9614,1.1829,0.8206,0.9682,1.5211,0.835
2019-03-26,1.296,0.9972,0.9488,1.26,0.9422,1.0167,1.22,1.1207,1.4821,1.3352,0.897,1.223,0.909,1.117,0.9106,1.5730000000000002,1.022,1.188,1.2148,0.9786,1.12,0.9397,1.1475,0.8012,0.959,1.4802,0.8119
2019-03-27,1.281,0.9972,0.9471,1.2990000000000002,0.9462,1.0490000000000002,1.22,1.1244,1.5262,1.3754,0.892,1.235,0.9,1.1077,0.9052,1.591,1.008,1.186,1.2507,0.9871,1.117,0.9558,1.1512,0.7959999999999999,0.9788,1.4742,0.8114
2019-03-28,1.2770000000000001,0.9993,0.9466,1.2930000000000001,0.9395,1.0455,1.208,1.1154,1.5368,1.3904,0.8809999999999999,1.218,0.892,1.1105,0.8937,1.584,1.01,1.173,1.2696,0.982,1.11,0.9451,1.1357,0.7835,0.9577,1.4596,0.8005
2019-03-29,1.317,1.0194,0.9782,1.339,0.9644,1.0801,1.258,1.1411,1.5985,1.4497,0.901,1.271,0.897,1.1496,0.9136,1.633,1.031,1.215,1.3327,1.0096,1.133,0.9718,1.1588,0.8029999999999999,0.9844,1.5071,0.8147
2019-04-01,1.3769999999999998,1.0561,1.0158,1.359,0.9939,1.0978,1.305,1.1807,1.6245,1.4694,0.943,1.297,0.922,1.1894,0.9442,1.69,1.057,1.239,1.3512,1.0261,1.171,0.9984,1.1941,0.8245,1.0214,1.5459,0.8422
2019-04-02,1.383,1.0439,1.0152,1.3319999999999999,0.9999,1.089,1.3,1.185,1.6061,1.452,0.96,1.3,0.934,1.1747,0.9524,1.6840000000000002,1.061,1.243,1.3335,1.0288,1.169,1.0005,1.2101,0.8352,1.0289,1.5553,0.8449
2019-04-03,1.3869999999999998,1.0394,1.0208,1.329,1.0094,1.0989,1.3090000000000002,1.1881,1.6054,1.4499,0.961,1.317,0.937,1.1774,0.9576,1.6909999999999998,1.069,1.274,1.3245,1.0356,1.173,1.0022,1.2168,0.8492,1.0551,1.5805,0.8494
2019-04-04,1.392,1.041,1.0209,1.3230000000000002,1.0133,1.0992,1.327,1.1899,1.6338,1.4813,0.973,1.332,0.941,1.1899,0.9739,1.6869999999999998,1.073,1.281,1.3584,1.052,1.179,1.0107,1.2314,0.8678,1.0606,1.5851,0.8515
2019-04-08,1.354,1.0288,0.9986,1.301,1.0097,1.0838,1.327,1.1798,1.6374,1.4908,0.986,1.341,0.943,1.181,0.9683,1.663,1.077,1.264,1.3641,1.0593,1.1840000000000002,0.9945,1.2293,0.8603,1.097,1.5591,0.8440000000000001
2019-04-09,1.355,1.0264,1.0003,1.3230000000000002,1.0112,1.0897,1.315,1.1881,1.6703,1.5299,0.966,1.332,0.934,1.1858,0.9662,1.6669999999999998,1.062,1.258,1.3866,1.048,1.179,0.989,1.2154,0.8722,1.0763,1.5532,0.846
2019-04-10,1.348,1.0332,0.998,1.339,1.0154,1.1039,1.308,1.1882,1.6886,1.0,0.959,1.329,0.942,1.1945,0.9734,1.66,1.067,1.258,1.4047,1.0447,1.189,0.9977,1.2316,0.8949,1.0711,1.5491,0.8486
2019-04-11,1.319,1.0088,0.9725,1.294,0.9907,1.0678,1.294,1.1669,1.621,0.9608,0.945,1.315,0.921,1.1779,0.9626,1.6230000000000002,1.068,1.228,1.3374,1.0374,1.166,0.9761,1.2164,0.898,1.0414,1.5192,0.8392
2019-04-12,1.325,1.0004,0.9747,1.2919999999999998,0.9878,1.0583,1.311,1.1668,1.6191,0.9576,0.937,1.3159999999999998,0.902,1.2099,0.9548,1.614,1.089,1.218,1.3382,1.0376,1.167,0.9676,1.2109,0.8955,1.0352,1.5066,0.8340000000000001
2019-04-15,1.317,0.9891,0.9670000000000001,1.2790000000000001,0.975,1.045,1.29,1.1517,1.6042,0.9513,0.929,1.3330000000000002,0.898,1.1877,0.9456,1.592,1.077,1.203,1.3244,1.0426,1.162,0.9656,1.196,0.8798,1.0244,1.4951,0.8269
2019-04-16,1.361,1.0118,0.9991,1.295,0.9862,1.0626,1.294,1.1713,1.6304,0.9688,0.955,1.389,0.912,1.1913,0.9633,1.616,1.09,1.226,1.3489,1.0832,1.17,0.9767,1.2098,0.8921,1.0459,1.5181,0.8404
2019-04-17,1.3559999999999999,1.0376,1.0039,1.297,0.9979,1.067,1.318,1.1901,1.6418,0.9748,0.954,1.382,0.909,1.2181,1.0006,1.624,1.096,1.22,1.3631,1.0772,1.189,0.9811,1.2321,0.9457,1.0451,1.5128,0.8658
2019-04-18,1.349,1.0318,0.9959,1.2930000000000001,0.9965,1.0672,1.3230000000000002,1.1822,1.6492,0.9768,0.945,1.389,0.9,1.2162,0.9819,1.6230000000000002,1.094,1.21,1.378,1.0691,1.188,0.9731,1.209,0.9255,1.0507,1.5074,0.8566
2019-04-19,1.3630000000000002,1.05,1.0104,1.298,1.0062,1.0689,1.3259999999999998,1.1947,1.6514,0.9791,0.949,1.423,0.905,1.2153,0.9865,1.632,1.094,1.22,1.3755,1.0769,1.198,0.9821,1.2142,0.9395,1.0489,1.5146,0.8614
2019-04-22,1.35,1.0303,0.9961,1.295,0.9925,1.0577,1.287,1.1836,1.6386,0.9725,0.929,1.379,0.9,1.2425,0.9645,1.6,1.082,1.205,1.3644,1.048,1.21,0.9661,1.1858,0.9207,1.0144,1.4995,0.8451
2019-04-23,1.315,1.0171,0.9819,1.295,0.9858,1.0482,1.276,1.1578,1.6574,0.9852,0.918,1.3769999999999998,0.878,1.2606,0.9471,1.589,1.095,1.195,1.3898,1.0498,1.198,0.9567,1.1624,0.9012,1.001,1.4755,0.8302
2019-04-24,1.347,1.0222,1.0029,1.3030000000000002,0.9914,1.0609,1.2830000000000001,1.1744,1.6556,0.9828,0.921,1.369,0.882,1.2768,0.958,1.597,1.107,1.203,1.3811,1.0525,1.209,0.9601,1.1727,0.9144,1.0063,1.4858,0.8347
2019-04-25,1.2930000000000001,0.9989,0.9643,1.305,0.9727,1.0448,1.256,1.1282,1.6267,0.9665,0.893,1.349,0.8640000000000001,1.278,0.9256,1.556,1.102,1.175,1.3539,1.0423,1.187,0.9385,1.1351,0.8789,0.969,1.4458,0.8151
2019-04-26,1.297,0.9881,0.9528,1.306,0.9685,1.0346,1.235,1.1156,1.6257,0.9666,0.8809999999999999,1.341,0.855,1.2558,0.9118,1.543,1.075,1.183,1.3719,1.0262,1.172,0.9338,1.1097,0.8577,0.9669,1.4509999999999998,0.802
2019-04-29,1.24,0.9917,0.9258,1.33,0.963,1.0343,1.209,1.0802,1.641,0.9806,0.848,1.356,0.8240000000000001,1.2346,0.8856,1.524,1.07,1.149,1.3815,1.0432,1.149,0.9329,1.0941,0.8332,0.9491,1.416,0.7881
2019-04-30,1.235,0.9838,0.9278,1.324,0.9694,1.0331,1.24,1.0846,1.6548,0.9869,0.851,1.349,0.833,1.2819,0.8859,1.518,1.097,1.166,1.3898,1.0465,1.169,0.936,1.0939,0.8425,0.9561,1.4246,0.7876
2019-05-06,1.131,0.9287,0.8518,1.2590000000000001,0.9102,0.9676,1.157,1.0126,1.5562,0.9263,0.799,1.269,0.81,1.2256,0.8264,1.425,1.044,1.105,1.2753,1.0188,1.127,0.8925,1.0443,0.78,0.8946,1.3549,0.746
2019-05-07,1.137,0.9352,0.8625,1.3019999999999998,0.9183,0.9838,1.147,1.0177,1.6057,0.9505,0.805,1.268,0.8079999999999999,1.224,0.835,1.439,1.035,1.105,1.3034,1.017,1.124,0.9066,1.0595,0.7947,0.9117,1.3575,0.7542
2019-05-08,1.1420000000000001,0.9245,0.8586,1.2790000000000001,0.9128,0.9832,1.111,1.0124,1.5918,0.9418,0.807,1.244,0.828,1.1714,0.8282,1.4369999999999998,1.012,1.122,1.3030000000000002,1.0012,1.112,0.9014,1.0346,0.7946,0.9038,1.3716,0.7421
2019-05-09,1.141,0.9202,0.8499,1.245,0.9071,0.9545,1.119,1.0090000000000001,1.5387,0.9102,0.799,1.215,0.8109999999999999,1.179,0.8185,1.419,1.015,1.105,1.2569,0.983,1.107,0.8881,1.0171,0.787,0.9004,1.357,0.7368
2019-05-10,1.203,0.9588,0.8872,1.29,0.9366,0.9902,1.169,1.0373,1.6066,0.9535,0.816,1.269,0.825,1.2295,0.8428,1.469,1.046,1.135,1.3219,1.0029,1.138,0.9099,1.0579,0.8075,0.9306,1.3962,0.7559
2019-05-13,1.19,0.9416,0.8618,1.3,0.9339,0.9867,1.1520000000000001,1.0245,1.6151,0.9586,0.8059999999999999,1.24,0.821,1.2228,0.8275,1.452,1.032,1.119,1.3255,0.9889,1.131,0.9014,1.0431,0.7879999999999999,0.9248,1.3784,0.7408
2019-05-14,1.183,0.9390000000000001,0.8563,1.2930000000000001,0.9244,0.9813,1.149,1.0171,1.5997,0.9497,0.8079999999999999,1.237,0.833,1.2282,0.8201,1.4369999999999998,1.025,1.129,1.3139,0.9853,1.145,0.902,1.0361,0.7796,0.914,1.3853,0.7408
2019-05-15,1.202,0.9688,0.8716,1.33,0.9497,1.0037,1.17,1.0416,1.6794,0.9975,0.818,1.269,0.833,1.2638,0.8371,1.459,1.04,1.134,1.3965,1.0006,1.167,0.9217,1.0552,0.7973,0.9351,1.3943,0.7652
2019-05-16,1.195,0.9632,0.8645,1.3430000000000002,0.9570000000000001,1.0249,1.172,1.0499,1.6931,1.0058,0.847,1.269,0.8490000000000001,1.2659,0.8519,1.474,1.047,1.145,1.4159,1.0019,1.178,0.9257,1.0562,0.8084,0.959,1.4054,0.7681
2019-05-17,1.162,0.9367,0.836,1.3130000000000002,0.9293,0.9972,1.138,1.0149,1.6511,0.98,0.8190000000000001,1.243,0.8190000000000001,1.2481,0.8233,1.43,1.033,1.106,1.375,0.9906,1.152,0.9025,1.0307,0.7811,0.9273,1.3611,0.7440000000000001
2019-05-20,1.186,0.9241,0.8314,1.288,0.9177,0.9791,1.092,1.0075,1.6185,0.9616,0.8240000000000001,1.242,0.799,1.2086,0.8167,1.432,1.017,1.099,1.3415,0.991,1.12,0.8893,1.0255,0.7648,0.9254,1.3619,0.7356
2019-05-21,1.207,0.9359,0.8538,1.305,0.9307,1.0034,1.1159999999999999,1.0259,1.6327,0.9686,0.851,1.256,0.8109999999999999,1.2448,0.8311,1.454,1.047,1.109,1.3547,0.9975,1.137,0.8996,1.0432,0.774,0.945,1.3767,0.7435
2019-05-22,1.225,0.9396,0.8521,1.304,0.9259,1.0,1.102,1.0178,1.6234,0.9629,0.838,1.247,0.8079999999999999,1.2369,0.82,1.4509999999999998,1.0490000000000002,1.104,1.3419,0.9949,1.134,0.8983,1.0469,0.7643,0.9386,1.3705,0.7404
2019-05-23,1.187,0.9111,0.8239,1.273,0.9082,0.9773,1.052,0.9999,1.5812,0.9385,0.825,1.231,0.7909999999999999,1.2058,0.8007,1.423,1.025,1.093,1.2961,0.9895,1.118,0.8802,1.0277,0.7439,0.9283,1.3557,0.7268
2019-05-24,1.161,0.9093,0.8189,1.273,0.9038,0.9778,1.038,0.9975,1.5932,0.9477,0.818,1.242,0.792,1.1926,0.7995,1.406,1.007,1.1,1.3142,0.995,1.114,0.8807,1.0204,0.7553,0.925,1.3509,0.7247
2019-05-27,1.21,0.9345,0.8440000000000001,1.288,0.9227,0.9935,1.084,1.0222,1.6053,0.9531,0.836,1.258,0.8029999999999999,1.2265,0.8136,1.452,1.038,1.117,1.32,0.9971,1.131,0.8876,1.0303,0.7601,0.9386,1.3808,0.7432
2019-05-28,1.208,0.9391,0.8451,1.3090000000000002,0.9227,0.9974,1.113,1.0193,1.6252,0.9654,0.8340000000000001,1.267,0.8029999999999999,1.2517,0.8201,1.462,1.044,1.119,1.3342,1.0029,1.138,0.8854,1.0413,0.7734,0.9418,1.3802,0.7452
2019-05-29,1.203,0.9321,0.8425,1.3030000000000002,0.9229,0.993,1.122,1.0226,1.6294,0.9694,0.85,1.306,0.813,1.2542,0.82,1.452,1.044,1.12,1.3428,0.9948,1.14,0.8882,1.039,0.7657,0.9462,1.3824,0.7399
2019-05-30,1.181,0.9258,0.8359,1.31,0.9178,0.9843,1.145,1.0132,1.6278,0.9670000000000001,0.857,1.291,0.8140000000000001,1.2757,0.8201,1.44,1.039,1.109,1.3285,0.9945,1.144,0.8881,1.0303,0.7598,0.9355,1.369,0.7343
2019-05-31,1.178,0.9317,0.8344,1.324,0.9208,0.9906,1.148,1.0218,1.6151,0.9586,0.8590000000000001,1.287,0.8320000000000001,1.2768,0.8181,1.442,1.026,1.122,1.3104,0.9913,1.16,0.8876,1.0325,0.7535,0.9307,1.3814,0.742
2019-06-03,1.175,0.9209,0.8343,1.315,0.9056,0.9892,1.122,0.9933,1.615,0.9607,0.847,1.29,0.843,1.2459,0.8063,1.4369999999999998,1.003,1.127,1.3032,0.9955,1.155,0.8803,1.0284,0.7505,0.9299,1.3802,0.7301
2019-06-04,1.161,0.9123,0.8294,1.2890000000000001,0.8971,0.971,1.083,0.9781,1.5826,0.9423,0.8340000000000001,1.273,0.8440000000000001,1.2325,0.7999,1.418,0.993,1.127,1.2719,0.9947,1.153,0.8701,1.0212,0.7427,0.9068,1.375,0.7249
2019-06-05,1.168,0.9134,0.8348,1.264,0.8954,0.9462,1.057,0.9796,1.5836,0.9418,0.84,1.26,0.8690000000000001,1.2177,0.802,1.411,0.986,1.167,1.271,0.9979,1.162,0.8602,1.0297,0.7396,0.9057,1.4069999999999998,0.7232
2019-06-06,1.133,0.8929,0.8132,1.255,0.8797,0.929,1.015,0.96,1.5664,0.9335,0.833,1.249,0.862,1.1871,0.7935,1.393,0.961,1.158,1.2574,0.9976,1.144,0.8493,1.017,0.7347,0.8985,1.3857,0.7125
2019-06-10,1.153,0.912,0.8311,1.275,0.8915,0.9381,1.022,0.9695,1.5966,0.9521,0.841,1.264,0.8640000000000001,1.1919,0.8092,1.403,0.964,1.152,1.2806,1.0101,1.154,0.8617,1.0303,0.7426,0.9097,1.3814,0.7238
2019-06-11,1.1909999999999998,0.9319,0.8591,1.3159999999999998,0.9193,0.9695,1.079,0.9992,1.6683,0.9977,0.867,1.289,0.8759999999999999,1.2505,0.8312,1.4369999999999998,0.997,1.14,1.3503,1.0221,1.189,0.883,1.0534,0.7603,0.9607,1.4022,0.7406
2019-06-12,1.181,0.9224,0.8498,1.315,0.9106,0.9683,1.056,0.9936,1.6483,0.9861,0.879,1.278,0.909,1.2281,0.8266,1.4380000000000002,0.983,1.186,1.3354,1.0205,1.1909999999999998,0.8684,1.0526,0.7512,0.9563,1.4438,0.7295
2019-06-13,1.187,0.9201,0.8496,1.331,0.9099,0.9713,1.062,0.9991,1.6437,0.9829,0.877,1.277,0.902,1.2276,0.8262,1.43,0.984,1.183,1.3295,1.0187,1.189,0.8641,1.0527,0.7528,0.9517,1.4369,0.731
2019-06-14,1.156,0.9048,0.8317,1.328,0.8993,0.9775,1.034,0.9802,1.6299,0.9773,0.871,1.268,0.913,1.2101,0.8126,1.422,0.962,1.205,1.3174,1.0173,1.187,0.8517,1.0385,0.7409,0.9397,1.4537,0.7190000000000001
2019-06-17,1.151,0.8957,0.8264,1.3159999999999998,0.8919,0.9794,1.033,0.9773,1.6215,0.9717,0.87,1.273,0.893,1.199,0.8119,1.411,0.962,1.183,1.3101,1.0213,1.166,0.8463,1.0307,0.7394,0.9403,1.4195,0.7116
2019-06-18,1.155,0.8965,0.8302,1.33,0.8904,0.988,1.063,0.9766,1.6229,0.9737,0.8640000000000001,1.281,0.904,1.2175,0.8062,1.42,0.967,1.193,1.3104,1.0257,1.189,0.8467,1.0315,0.7387,0.9392,1.4372,0.7129
2019-06-19,1.1740000000000002,0.9176,0.8501,1.3419999999999999,0.9021,0.9999,1.061,0.9918,1.6401,0.9842,0.8640000000000001,1.301,0.898,1.2167,0.8127,1.436,0.98,1.1840000000000002,1.3291,1.0365,1.19,0.86,1.037,0.7453,0.9443,1.4325,0.7235
2019-06-20,1.197,0.9351,0.8689,1.375,0.9212,1.0131,1.06,1.014,1.6951,1.0198,0.879,1.354,0.924,1.2285,0.8225,1.474,0.993,1.194,1.3889,1.0609,1.213,0.8813,1.0637,0.7573,0.9648,1.4689,0.7364
2019-06-21,1.226,0.9494,0.8859,1.375,0.934,1.0198,1.056,1.0311,1.6997,1.0208,0.8909999999999999,1.351,0.955,1.222,0.8320000000000001,1.505,1.006,1.219,1.402,1.0524,1.218,0.8972,1.0734,0.768,0.9657,1.5153,0.7434
2019-06-24,1.222,0.9507,0.8759,1.382,0.9387,1.0219,1.07,1.0289,1.7195,1.0327,0.899,1.354,0.97,1.2361,0.8337,1.514,1.013,1.244,1.4254,1.0544,1.226,0.8944,1.0674,0.7744,0.9677,1.5406,0.745
2019-06-25,1.207,0.9429,0.8656,1.38,0.9284,1.0158,1.0390000000000001,1.0196,1.7186,1.0324,0.904,1.329,1.024,1.2191,0.8226,1.52,1.007,1.3090000000000002,1.4257,1.0331,1.243,0.8863,1.0555,0.7638,0.9577,1.6223,0.7367
2019-06-26,1.206,0.9557,0.8691,1.4269999999999998,0.9299,1.0331,1.046,1.0173,1.7214,1.0331,0.88,1.329,0.973,1.2117,0.8255,1.503,1.012,1.244,1.4184,1.0303,1.208,0.8959999999999999,1.0581,0.7662,0.9615,1.5653,0.7378
2019-06-27,1.222,0.9741,0.8849,1.442,0.9391,1.0406,1.05,1.0224,1.7555,1.0529,0.883,1.3430000000000002,0.98,1.2312,0.8293,1.521,1.028,1.256,1.4687,1.0397,1.22,0.9086,1.0691,0.7666,0.9719,1.5813,0.7446
2019-06-28,1.202,0.9694,0.8786,1.433,0.9343,1.0408,1.036,1.0137,1.7587,1.0559,0.884,1.345,0.982,1.2257,0.8235,1.524,1.018,1.262,1.4739,1.0368,1.223,0.9059,1.0597,0.7636,0.9777,1.5781,0.7386
2019-06-30,1.202,0.9693,0.8785,1.433,0.9342,1.0406,1.035,1.0136,1.7587,1.0558,0.884,1.344,0.982,1.2256,0.8234,1.523,1.018,1.262,1.4738,1.0367,1.223,0.9058,1.0596,0.7635,0.9776,1.5781,0.7385
2019-07-01,1.25,0.9979,0.9252,1.465,0.9616,1.0792,1.051,1.0408,1.8277,1.0989,0.889,1.383,0.972,1.2617,0.8467,1.558,1.048,1.24,1.5448,1.0496,1.234,0.932,1.093,0.7813,0.9968,1.5755,0.7561
2019-07-02,1.24,0.9945,0.9178,1.484,0.9684,1.0902,1.083,1.0407,1.8346,1.1027,0.897,1.3730000000000002,0.984,1.2766,0.8612,1.56,1.055,1.249,1.0,1.0493,1.244,0.9324,1.1005,0.7959999999999999,1.0041,1.5885,0.7572
2019-07-03,1.217,0.9822,0.9009,1.45,0.9585,1.079,1.068,1.0391,1.8068,1.0807,0.892,1.361,1.001,1.2632,0.8590000000000001,1.554,1.057,1.293,0.9784,1.047,1.247,0.9243,1.0951,0.7929999999999999,0.9957,1.6137,0.7525
2019-07-04,1.212,0.9777,0.8963,1.419,0.9539,1.065,1.062,1.0366,1.7726,1.0645,0.882,1.349,0.979,1.2448,0.856,1.55,1.047,1.265,0.9613,1.046,1.224,0.9174,1.0901,0.795,1.0001,1.5917,0.7499
2019-07-05,1.217,0.9823,0.898,1.4469999999999998,0.9612,1.0822,1.085,1.0357,1.8047,1.0874,0.883,1.358,0.993,1.2814,0.8577,1.556,1.062,1.286,0.9875,1.046,1.246,0.9259,1.0998,0.7958,1.0028,1.6107,0.7521
2019-07-08,1.168,0.9605,0.8706,1.4140000000000001,0.9394,1.0499,1.093,1.0029,1.7689,1.0684,0.853,1.32,0.961,1.2879,0.8322,1.5119999999999998,1.0659999999999998,1.245,0.9719,1.028,1.228,0.9016,1.0776,0.7709999999999999,0.9735,1.5744,0.7322
2019-07-09,1.169,0.9628,0.87,1.42,0.9384,1.0507,1.091,1.0053,1.775,1.0695,0.8540000000000001,1.315,0.95,1.2877,0.8433,1.533,1.061,1.227,0.976,1.0252,1.227,0.9057,1.0945,0.7838,0.9742,1.5547,0.7346
2019-07-10,1.163,0.9619,0.8694,1.422,0.9398,1.0481,1.073,0.9971,1.7748,1.0707,0.841,1.32,0.928,1.2747,0.8351,1.521,1.042,1.196,0.9816,1.0207,1.216,0.9052,1.0846,0.7714,0.9569,1.5289,0.7344
2019-07-11,1.155,0.9561,0.8662,1.421,0.9354,1.048,1.073,0.9948,1.7669,1.0664,0.853,1.332,0.968,1.2724,0.8335,1.544,1.037,1.247,0.9737,1.0249,1.238,0.9021,1.0862,0.7661,0.96,1.5804,0.7301
2019-07-12,1.157,0.9636,0.8702,1.423,0.9379,1.0584,1.065,0.9985,1.7807,1.0746,0.852,1.359,0.954,1.2755,0.8363,1.548,1.044,1.227,0.987,1.0379,1.237,0.9036,1.0951,0.7667,0.9671,1.5611,0.7409
2019-07-15,1.188,0.9743,0.8859,1.409,0.9473,1.0597,1.1,1.0024,1.7704,1.068,0.858,1.36,0.96,1.2938,0.8417,1.579,1.064,1.24,0.9773,1.0365,1.256,0.9103,1.1012,0.7755,0.9795,1.5771,0.7445
2019-07-16,1.189,0.9704,0.8879,1.3880000000000001,0.9437,1.0544,1.102,1.0036,1.7465,1.0531,0.8590000000000001,1.351,0.962,1.2878,0.8390000000000001,1.578,1.058,1.24,0.9661,1.0349,1.248,0.9082,1.0952,0.7713,0.9781,1.5765,0.7436
2019-07-17,1.19,0.9703,0.8959999999999999,1.38,0.9421,1.0549,1.126,1.0038,1.7409,1.05,0.8540000000000001,1.351,0.954,1.3008,0.8404,1.574,1.0759999999999998,1.223,0.9607,1.031,1.248,0.9041,1.1031,0.7732,0.9783,1.5615,0.7440000000000001
2019-07-18,1.159,0.9564,0.8742,1.36,0.929,1.0422,1.1159999999999999,0.9883,1.719,1.0368,0.8540000000000001,1.349,0.956,1.2848,0.83,1.56,1.056,1.225,0.9473,1.0302,1.248,0.8873,1.0868,0.7595,0.9621,1.5473,0.7378
2019-07-19,1.163,0.9624,0.8763,1.3659999999999999,0.9313,1.0477,1.13,0.9953,1.7306,1.0439,0.872,1.362,0.991,1.2964,0.836,1.591,1.063,1.264,0.9541,1.0429,1.279,0.8932,1.0986,0.7638,0.9658,1.5878,0.7426
2019-07-22,1.139,0.9570000000000001,0.871,1.3659999999999999,0.9436,1.0483,1.1079999999999999,1.0033,1.7462,1.0477,0.8440000000000001,1.383,0.969,1.269,0.8237,1.56,1.034,1.215,0.9548,1.0404,1.248,0.888,1.0809,0.7527,0.9482,1.5455,0.7348
2019-07-23,1.16,0.9681,0.8825,1.3659999999999999,0.9559,1.0541,1.122,1.0163,1.7304,1.0362,0.845,1.3769999999999998,0.968,1.2706,0.8376,1.5719999999999998,1.052,1.213,0.9341,1.0421,1.247,0.8977,1.0997,0.7664,0.95,1.5448,0.7449
2019-07-24,1.1840000000000002,0.9811,0.8988,1.376,0.9631,1.0657,1.136,1.0261,1.7324,1.0368,0.852,1.403,0.977,1.2758,0.8458,1.585,1.063,1.23,0.9323,1.0483,1.259,0.9082,1.1044,0.7732,0.9549,1.5703,0.7541
2019-07-25,1.194,0.9896,0.9175,1.374,0.9682,1.0697,1.151,1.028,1.7474,1.0465,0.846,1.412,0.968,1.2931,0.8437,1.586,1.082,1.225,0.9425,1.0641,1.269,0.91,1.1156,0.772,0.9566,1.5729,0.7563
2019-07-26,1.193,0.9955,0.9178,1.403,0.9757,1.0763,1.1440000000000001,1.0293,1.7481,1.047,0.843,1.416,0.96,1.2912,0.8462,1.585,1.077,1.215,0.9421,1.0633,1.256,0.9131,1.1174,0.7737,0.9666,1.5648,0.7603
2019-07-29,1.194,0.9922,0.9197,1.39,0.9761,1.0721,1.1420000000000001,1.031,1.7597,1.0545,0.8420000000000001,1.413,0.963,1.3119999999999998,0.8467,1.584,1.087,1.216,0.9504,1.0624,1.266,0.9146,1.1156,0.7738,0.966,1.5676,0.7628
2019-07-30,1.195,0.9915,0.9198,1.391,0.978,1.0809,1.1340000000000001,1.0356,1.7531,1.0501,0.851,1.43,0.984,1.3138,0.8523,1.597,1.093,1.236,0.946,1.0672,1.277,0.9204,1.1194,0.7766,0.9662,1.5955,0.7623
2019-07-31,1.194,0.9838,0.9168,1.383,0.9711,1.0748,1.125,1.0315,1.7262,1.0339,0.851,1.4069999999999998,0.984,1.3061,0.8485,1.589,1.083,1.237,0.9312,1.0606,1.268,0.928,1.1121,0.7682,0.9478,1.5967,0.7599
2019-08-01,1.187,0.9823,0.9179,1.3769999999999998,0.9644,1.0684,1.1340000000000001,1.0297,1.7046,1.0208,0.846,1.402,0.952,1.3183,0.853,1.5719999999999998,1.087,1.199,0.918,1.0517,1.258,0.9304,1.1117,0.7609999999999999,0.9414,1.5466,0.7559999999999999
2019-08-02,1.167,0.9709,0.8996,1.389,0.9567,1.0659,1.122,1.0161,1.6919,1.0136,0.85,1.378,0.96,1.3186,0.8455,1.565,1.081,1.226,0.9117,1.0403,1.263,0.9332,1.0957,0.7478,0.928,1.5602,0.7484
2019-08-05,1.158,0.9524,0.8819,1.3630000000000002,0.9427,1.0443,1.121,1.0035,1.6624,0.9973,0.858,1.355,1.017,1.3164,0.8308,1.567,1.083,1.305,0.8922,1.0221,1.2919999999999998,0.9118,1.0791,0.7357,0.9115,1.6334,0.7369
2019-08-06,1.128,0.9484,0.8687,1.3659999999999999,0.9274,1.0336,1.089,0.9807,1.6563,0.9945,0.836,1.347,0.999,1.3034,0.8151,1.551,1.0659999999999998,1.285,0.9061,1.012,1.268,0.9057,1.0627,0.7193,0.9007,1.6139,0.7240000000000001
2019-08-07,1.11,0.9423,0.8585,1.391,0.9219,1.0455,1.068,0.9807,1.6499,0.9896,0.865,1.336,1.041,1.2939,0.8253,1.558,1.056,1.32,0.8969,1.0094,1.27,0.9107,1.0552,0.7166,0.8983,1.6397,0.7222
2019-08-08,1.122,0.955,0.8708,1.42,0.9325,1.0741,1.064,0.9864,1.6742,1.0042,0.86,1.356,1.051,1.3014,0.8359,1.596,1.057,1.3130000000000002,0.9119,1.0258,1.27,0.9168,1.0562,0.7269,0.9036,1.6388,0.7257
2019-08-09,1.099,0.9479,0.8565,1.4180000000000001,0.9234,1.0759,1.0390000000000001,0.9775,1.6522,0.9906,0.851,1.349,1.0490000000000002,1.2684,0.8287,1.582,1.053,1.3030000000000002,0.8983,1.0248,1.243,0.9129,1.0481,0.7234,0.8921,1.6244,0.7184
2019-08-12,1.128,0.9638,0.8883,1.433,0.9354,1.1039,1.047,0.9932,1.6888,1.016,0.847,1.375,1.038,1.2845,0.8355,1.607,1.062,1.286,0.9242,1.0357,1.248,0.9198,1.0572,0.7315,0.8989,1.6216,0.7276
2019-08-13,1.114,0.9514,0.8791,1.4340000000000002,0.9317,1.1009,1.0390000000000001,0.9876,1.6834,1.0137,0.857,1.35,1.083,1.2773,0.8278,1.608,1.055,1.337,0.9213,1.025,1.261,0.9178,1.0501,0.7239,0.885,1.6672,0.722
2019-08-14,1.124,0.9541,0.8875,1.466,0.9419,1.1184,1.045,0.9941,1.7081,1.03,0.851,1.35,1.0590000000000002,1.2826,0.8358,1.604,1.055,1.296,0.9446,1.0225,1.255,0.9205,1.0565,0.731,0.8878,1.634,0.7240000000000001
2019-08-15,1.1420000000000001,0.9625,0.9046,1.466,0.9482,1.1228,1.037,0.9957,1.7044,1.0284,0.848,1.361,1.062,1.2768,0.8373,1.614,1.063,1.297,0.9418,1.0217,1.259,0.9234,1.0683,0.7359,0.8918,1.6423,0.7269
2019-08-16,1.151,0.9625,0.9097,1.4769999999999999,0.9546,1.1435,1.0390000000000001,0.9968,1.733,1.0438,0.851,1.367,1.06,1.2989,0.8411,1.619,1.095,1.307,0.9509,1.0191,1.267,0.9264,1.0714,0.7391,0.9015,1.6472,0.7278
2019-08-19,1.203,0.9777,0.9499,1.4880000000000002,0.9802,1.1675,1.044,1.025,1.7536,1.0547,0.86,1.398,1.05,1.2962,0.8591,1.636,1.123,1.305,0.9627,1.0235,1.26,0.9618,1.1017,0.7518,0.9244,1.6512,0.7442
2019-08-20,1.198,0.9744,0.9485,1.4909999999999999,0.9808,1.1562,1.0590000000000002,1.0231,1.7628,1.0618,0.868,1.389,1.0590000000000002,1.2974,0.855,1.629,1.126,1.3130000000000002,0.9738,1.0218,1.269,0.9538,1.0946,0.7466,0.9289,1.6403,0.7427
2019-08-21,1.2009999999999998,0.987,0.9502,1.475,0.9874,1.1496,1.041,1.0322,1.7473,1.0518,0.857,1.394,1.043,1.2805,0.8490000000000001,1.624,1.115,1.301,0.9661,1.0187,1.265,0.9466,1.0973,0.7459,0.9331,1.6366,0.7522
2019-08-22,1.2009999999999998,0.9812,0.9490000000000001,1.489,0.9922,1.1552,1.048,1.032,1.7724,1.0695,0.856,1.4,1.036,1.2999,0.8499,1.62,1.114,1.293,0.9866,1.0172,1.28,0.9459,1.0961,0.748,0.9289,1.6328,0.7513
2019-08-23,1.192,0.9909,0.9496,1.537,0.9913,1.1807,1.034,1.0269,1.7844,1.0787,0.851,1.42,1.035,1.2908,0.8441,1.63,1.105,1.296,0.9893,1.0276,1.2819999999999998,0.9618,1.088,0.7452,0.9317,1.6275,0.7489
2019-08-26,1.182,0.9765,0.9338,1.535,0.9865,1.1761,1.032,1.0149,1.7563,1.0602,0.855,1.388,1.06,1.2863,0.8375,1.63,1.107,1.3159999999999998,0.9706,1.0114,1.283,0.959,1.0801,0.7423,0.9229,1.6031,0.7378
2019-08-27,1.217,0.996,0.9512,1.541,1.0041,1.1907,1.052,1.0301,1.7843,1.0779,0.8640000000000001,1.396,1.075,1.3194,0.8523,1.654,1.126,1.336,0.9915,1.0157,1.314,0.9698,1.0903,0.7622,0.9315,1.6318,0.7483
2019-08-28,1.213,0.9955,0.9449,1.535,1.0013,1.1778,1.0959999999999999,1.0294,1.795,1.084,0.8590000000000001,1.378,1.07,1.3464,0.8517,1.656,1.134,1.324,0.9955,1.0077,1.33,0.966,1.0886,0.7701,0.9283,1.6112,0.7538
2019-08-29,1.2229999999999999,0.9911,0.946,1.531,1.0063,1.1717,1.09,1.0254,1.8025,1.0914,0.862,1.369,1.105,1.3465,0.8472,1.682,1.138,1.3530000000000002,1.006,1.0017,1.356,0.9719,1.0832,0.7647,0.9195,1.6025,0.75
2019-08-30,1.209,0.988,0.9349,1.541,1.0022,1.1708,1.073,1.0136,1.8301,1.1112,0.86,1.374,1.093,1.3515,0.8475,1.672,1.139,1.336,1.0299,1.0036,1.357,0.9696,1.0782,0.7581,0.9098,1.5954,0.7467
2019-09-02,1.258,1.0088,0.9625,1.569,1.0298,1.1936,1.082,1.0356,1.8348,1.1129,0.868,1.383,1.094,1.3591,0.8626,1.702,1.167,1.341,1.0336,1.0089,1.359,0.9825,1.103,0.7627,0.9364,1.6302,0.7652
2019-09-03,1.274,1.0141,0.9831,1.561,1.0338,1.1822,1.094,1.0438,1.8263,1.1083,0.868,1.382,1.1,1.3601,0.8665,1.703,1.176,1.3430000000000002,1.0272,1.0083,1.359,0.984,1.0998,0.7577,0.9514,1.6354,0.7687
2019-09-04,1.286,1.0131,0.9895,1.5590000000000002,1.0412,1.1818,1.087,1.0519,1.8111,1.0975,0.8809999999999999,1.399,1.105,1.3481,0.867,1.719,1.178,1.3530000000000002,1.0129,1.0234,1.346,0.9882,1.1005,0.7589,0.9705,1.6637,0.7762
2019-09-05,1.3090000000000002,1.0152,1.0047,1.548,1.0497,1.1826,1.0959999999999999,1.0579,1.8202,1.1044,0.89,1.4169999999999998,1.111,1.355,0.8742,1.73,1.187,1.372,1.0172,1.0354,1.356,0.9853,1.103,0.7705,0.9707,1.7074,0.7809
2019-09-06,1.3230000000000002,1.0133,1.0166,1.558,1.0483,1.2025,1.08,1.0623,1.8212,1.1054,0.878,1.432,1.068,1.3287,0.8819,1.716,1.189,1.339,1.0179,1.0418,1.31,0.9895,1.1105,0.7875,0.9702,1.7237,0.7818
2019-09-09,1.38,1.0317,1.0546,1.5630000000000002,1.0602,1.2175,1.103,1.0867,1.8255,1.1067,0.888,1.4269999999999998,1.078,1.3238,0.9023,1.733,1.213,1.351,1.0174,1.0386,1.306,1.0038,1.1432,0.7945,0.9767,1.7427,0.7971
2019-09-10,1.364,1.02,1.0395,1.577,1.0525,1.2237,1.1079999999999999,1.0863,1.825,1.1038,0.888,1.416,1.077,1.3376,0.9032,1.723,1.229,1.344,1.0126,1.0348,1.305,1.0066,1.1386,0.7887,0.9759,1.7405,0.7952
2019-09-11,1.347,1.01,1.0274,1.5430000000000001,1.0418,1.2016,1.099,1.0815,1.7714,1.0665,0.8859999999999999,1.421,1.079,1.3038,0.9016,1.714,1.215,1.348,0.9677,1.0421,1.274,0.997,1.1312,0.7867,0.9696,1.7519999999999998,0.7909999999999999
2019-09-12,1.357,1.0205,1.0344,1.5490000000000002,1.0469,1.2041,1.093,1.0847,1.7896,1.0796,0.8859999999999999,1.446,1.069,1.3086,0.8997,1.727,1.217,1.345,0.9835,1.046,1.275,0.9986,1.133,0.7883,0.9814,1.7676,0.7966
2019-09-16,1.371,1.026,1.04,1.5490000000000002,1.0511,1.2046,1.097,1.0839,1.784,1.0753,0.8909999999999999,1.4269999999999998,1.083,1.3145,0.9006,1.724,1.229,1.351,0.9771,1.0406,1.278,0.9972,1.1339,0.7875,0.9771,1.7458,0.7949
2019-09-17,1.328,1.0066,1.0154,1.5430000000000001,1.0336,1.1916,1.078,1.0607,1.7708,1.0692,0.871,1.402,1.055,1.3046,0.8807,1.6840000000000002,1.209,1.319,0.979,1.0283,1.268,0.9912,1.1087,0.7709999999999999,0.9569,1.6994,0.7774
2019-09-18,1.317,1.0158,1.0171,1.5759999999999998,1.0443,1.2046,1.074,1.057,1.8147,1.0978,0.868,1.404,1.051,1.3130000000000002,0.8795,1.694,1.207,1.3119999999999998,1.0113,1.0289,1.274,0.9991,1.1081,0.7734,0.9577,1.6904,0.774
2019-09-19,1.3419999999999999,1.0249,1.035,1.595,1.0478,1.2088,1.08,1.0695,1.8097,1.0938,0.8759999999999999,1.404,1.052,1.3146,0.8928,1.715,1.221,1.315,1.0128,1.0305,1.279,1.0121,1.1205,0.7768,0.9607,1.7035,0.7825
2019-09-20,1.345,1.0284,1.0425,1.608,1.0605,1.2136,1.073,1.0723,1.8209,1.1018,0.877,1.406,1.065,1.3132,0.8918,1.72,1.212,1.324,1.0209,1.0352,1.286,1.0131,1.1143,0.7773,0.9667,1.6961,0.7843
2019-09-23,1.339,1.0233,1.0433,1.5919999999999999,1.0496,1.1949,1.0590000000000002,1.0591,1.7989,1.0891,0.868,1.3869999999999998,1.062,1.2854,0.8791,1.729,1.193,1.3130000000000002,1.0086,1.0262,1.266,1.0142,1.1101,0.7659,0.9519,1.6759,0.7739
2019-09-24,1.3519999999999999,1.0335,1.047,1.632,1.0626,1.2142,1.043,1.0656,1.8199,1.1026,0.87,1.3769999999999998,1.0659999999999998,1.2756,0.8864,1.725,1.1909999999999998,1.3159999999999998,1.029,1.0247,1.262,1.0194,1.1173,0.7664,0.9501,1.6783,0.7826
2019-09-25,1.3119999999999998,1.0170000000000001,1.0193,1.636,1.0499,1.2059,1.013,1.0524,1.8117,1.0971,0.87,1.374,1.052,1.2704,0.8849,1.711,1.171,1.298,1.0237,1.0292,1.248,1.0185,1.1041,0.7555,0.9424,1.6684,0.7708
2019-09-26,1.258,0.9999,0.9946,1.6230000000000002,1.0247,1.1918,0.958,1.0298,1.7926,1.0874,0.843,1.3730000000000002,1.003,1.2195,0.8677,1.65,1.123,1.244,1.0117,1.0432,1.1909999999999998,1.0072,1.0799,0.742,0.9355,1.6475,0.7566
2019-09-27,1.271,1.0173,1.0144,1.6269999999999998,1.0299,1.1981,0.99,1.0365,1.7903,1.0869,0.841,1.371,0.989,1.241,0.8709,1.661,1.144,1.235,1.0083,1.044,1.199,1.0035,1.0852,0.7419,0.934,1.6624,0.7595
2019-09-30,1.244,1.0059,0.9927,1.6369999999999998,1.0226,1.1957,0.995,1.0288,1.7754,1.0762,0.833,1.355,0.979,1.2445,0.8648,1.6369999999999998,1.136,1.218,0.9895,1.0343,1.197,1.0025,1.0723,0.7394,0.9333,1.6322,0.7545
2019-10-08,1.2329999999999999,1.0038,0.9787,1.652,1.0222,1.1954,1.0170000000000001,1.0286,1.7866,1.0849,0.8320000000000001,1.368,0.977,1.2758,0.858,1.629,1.152,1.217,1.0041,1.047,1.222,1.0071,1.0604,0.7352,0.956,1.6195,0.7538
2019-10-09,1.247,1.0065,0.9817,1.645,1.0341,1.1911,1.024,1.0339,1.7767,1.0773,0.841,1.376,1.006,1.2795,0.8594,1.651,1.168,1.241,0.9924,1.0582,1.239,1.0002,1.065,0.7362,0.9576,1.6224,0.7593
2019-10-10,1.274,1.0278,0.9998,1.715,1.0544,1.2409,1.053,1.044,1.7830000000000001,1.0804,0.8440000000000001,1.379,1.004,1.3019,0.8692,1.689,1.187,1.249,0.9912,1.0576,1.252,1.0279,1.0789,0.7445,0.9598,1.6336,0.7672
2019-10-11,1.2690000000000001,1.0268,1.0008,1.722,1.0589,1.2516,1.04,1.0372,1.7884,1.0843,0.8390000000000001,1.3969999999999998,0.997,1.2955,0.8611,1.7009999999999998,1.18,1.255,0.996,1.0776,1.249,1.0074,1.0626,0.7449,0.9812,1.6623,0.7629
2019-10-14,1.295,1.0354,1.0168,1.7209999999999999,1.0658,1.256,1.048,1.0492,1.7957,1.0875,0.841,1.416,0.99,1.2933,0.8743,1.721,1.187,1.254,0.9975,1.0987,1.238,1.0112,1.0733,0.7569,0.9893,1.6836,0.7722
2019-10-15,1.254,1.0279,0.9963,1.722,1.0584,1.2464,1.038,1.0363,1.8092,1.0971,0.8290000000000001,1.411,0.978,1.2966,0.8597,1.695,1.173,1.235,1.0136,1.1004,1.229,0.9963,1.0556,0.7491,0.9802,1.6639,0.7586
2019-10-16,1.253,1.0152,0.9965,1.756,1.0608,1.2587,1.025,1.0304,1.7862,1.0816,0.82,1.413,0.969,1.2776,0.8537,1.699,1.167,1.227,0.9947,1.0962,1.218,1.0067,1.0529,0.7453,0.9821,1.6582,0.7508
2019-10-17,1.253,1.0213,1.0053,1.7590000000000001,1.0597,1.2607,1.026,1.0243,1.7884,1.0829,0.8220000000000001,1.418,0.97,1.2816,0.8504,1.707,1.169,1.23,0.9961,1.0941,1.221,0.9998,1.0477,0.7434,0.9778,1.651,0.7485
2019-10-18,1.2309999999999999,1.0073,0.9889,1.756,1.047,1.2659,1.021,1.013,1.7707,1.071,0.812,1.391,0.954,1.2772,0.8422,1.681,1.168,1.2009999999999998,0.9775,1.0779,1.218,1.0033,1.0402,0.733,0.9642,1.6188,0.7368
2019-10-21,1.225,1.0018,0.9886,1.714,1.0469,1.244,1.064,1.0085,1.7697,1.0707,0.8109999999999999,1.406,0.956,1.3093,0.8379,1.696,1.189,1.199,0.9794,1.0891,1.238,0.9963,1.0365,0.7291,0.9645,1.608,0.735
2019-10-22,1.251,1.0091,1.001,1.7369999999999999,1.0596,1.2612,1.083,1.0168,1.781,1.0771,0.8140000000000001,1.403,0.954,1.3121,0.8449,1.7009999999999998,1.198,1.198,0.9833,1.0856,1.237,1.0153,1.0489,0.7327,0.9676,1.6176,0.7429
2019-10-23,1.242,0.9977,0.9966,1.705,1.045,1.2388,1.081,1.0096,1.7623,1.0653,0.8079999999999999,1.394,0.96,1.3138,0.8384,1.6780000000000002,1.198,1.202,0.9666,1.0855,1.247,0.9993,1.0411,0.7291,0.9665,1.6041,0.7385
2019-10-24,1.236,1.0004,0.9978,1.704,1.0464,1.23,1.083,1.0102,1.7368,1.0492,0.8059999999999999,1.396,0.944,1.3267,0.84,1.665,1.224,1.187,0.9507,1.0963,1.276,1.0049,1.0419,0.7267,0.9614,1.6077,0.7352
2019-10-25,1.246,1.0133,1.0132,1.723,1.0607,1.2407,1.107,1.0171,1.7617,1.0653,0.812,1.384,0.96,1.3773,0.8464,1.6980000000000002,1.254,1.203,0.966,1.0948,1.332,1.0185,1.0536,0.7305,0.966,1.6258,0.7432
2019-10-28,1.307,1.026,1.0353,1.751,1.0706,1.2508,1.112,1.0334,1.7855,1.0788,0.823,1.395,0.976,1.3902,0.8582,1.705,1.285,1.218,0.9848,1.09,1.335,1.0218,1.0688,0.7403,0.968,1.6506,0.7531
2019-10-29,1.275,1.0282,1.0191,1.77,1.075,1.2489,1.126,1.0218,1.8051,1.0911,0.8109999999999999,1.38,0.961,1.4191,0.8511,1.7,1.297,1.196,0.9922,1.0875,1.3630000000000002,1.0111,1.0621,0.7358,0.9585,1.6207,0.7481
2019-10-30,1.258,1.0338,1.0199,1.758,1.077,1.2489,1.119,1.0143,1.7917,1.0828,0.8029999999999999,1.384,0.947,1.4257,0.8429,1.695,1.291,1.18,0.9837,1.0858,1.342,1.0007,1.0689,0.7211,0.9536,1.6061,0.7422
2019-10-31,1.244,1.0269,1.0068,1.781,1.0694,1.2682,1.081,1.0109,1.8018,1.093,0.802,1.382,0.94,1.4003,0.8399,1.69,1.263,1.176,0.9833,1.0816,1.2990000000000002,0.995,1.0662,0.7174,0.9475,1.6066,0.7394
2019-11-01,1.255,1.0359,1.0196,1.8130000000000002,1.0913,1.2770000000000001,1.087,1.0205,1.8191,1.1034,0.81,1.402,0.951,1.3888,0.8491,1.709,1.273,1.188,0.9949,1.103,1.291,1.013,1.0758,0.7283,0.9669,1.6252,0.7447
2019-11-04,1.265,1.0429,1.0307,1.839,1.1061,1.2981,1.095,1.0239,1.8324,1.1108,0.816,1.418,0.958,1.396,0.853,1.72,1.289,1.195,1.0021,1.1087,1.286,1.0252,1.0817,0.7301,0.9824,1.6286,0.7490000000000001
2019-11-05,1.2690000000000001,1.0549,1.0381,1.829,1.1163,1.3001,1.0979999999999999,1.0334,1.8451,1.1174,0.821,1.43,0.956,1.4117,0.8668,1.723,1.3019999999999998,1.194,1.0043,1.1222,1.296,1.0291,1.1073,0.731,0.9901,1.6447,0.758
2019-11-06,1.249,1.0482,1.0257,1.819,1.1167,1.3025,1.06,1.0332,1.8276,1.1077,0.823,1.4240000000000002,0.944,1.3815,0.8721,1.6980000000000002,1.276,1.181,0.9933,1.1274,1.26,1.0283,1.1248,0.7288,0.9822,1.6268,0.7586
2019-11-07,1.2590000000000001,1.0486,1.0351,1.8319999999999999,1.1179999999999999,1.3076,1.103,1.0339,1.8362,1.1127,0.82,1.4240000000000002,0.941,1.4029,0.8716,1.7080000000000002,1.2990000000000002,1.182,1.0012,1.1251,1.286,1.0295,1.1145,0.7344,0.9895,1.64,0.7588
2019-11-08,1.26,1.0537,1.0381,1.821,1.1332,1.3064,1.079,1.0315,1.8430000000000002,1.1168,0.8170000000000001,1.418,0.932,1.3857,0.8716,1.702,1.275,1.171,1.005,1.1132,1.263,1.026,1.1079,0.7394,0.9833,1.6232,0.7567
2019-11-11,1.226,1.0381,1.021,1.7819999999999998,1.114,1.2789,1.058,1.0099,1.8198,1.1035,0.799,1.403,0.91,1.3683,0.8556,1.672,1.255,1.147,0.9951,1.0971,1.242,1.016,1.0895,0.7287,0.9595,1.5981,0.7421
2019-11-12,1.224,1.0272,1.0163,1.8,1.1139,1.281,1.064,1.0109,1.8277,1.1079999999999999,0.7959999999999999,1.408,0.898,1.3722,0.8558,1.6740000000000002,1.257,1.137,0.9986,1.0988,1.241,1.0193,1.0888,0.7289,0.9641,1.5991,0.7398
2019-11-13,1.229,1.0394,1.024,1.8530000000000002,1.1193,1.2955,1.051,1.0084,1.8412,1.117,0.797,1.389,0.92,1.3681,0.8534,1.685,1.25,1.16,1.0052,1.0945,1.234,1.0301,1.0895,0.7218,0.962,1.5823,0.7377
2019-11-14,1.247,1.0441,1.0353,1.879,1.1251,1.305,1.058,1.0122,1.8492,1.1206,0.794,1.381,0.913,1.3647,0.8553,1.703,1.25,1.157,1.0158,1.0892,1.228,1.0304,1.0913,0.7213,0.9721,1.5845,0.7412
2019-11-15,1.239,1.0348,1.0233,1.86,1.115,1.2957,1.0270000000000001,1.0003,1.8383,1.1143,0.789,1.376,0.899,1.3309,0.848,1.694,1.221,1.142,1.0093,1.0906,1.188,1.0195,1.0727,0.7153,0.9562,1.5709,0.7305
2019-11-18,1.246,1.0527,1.0288,1.8630000000000002,1.1255,1.3009,1.043,1.0057,1.8433,1.1157,0.8,1.3969999999999998,0.901,1.3511,0.8553,1.727,1.237,1.146,1.0048,1.1125,1.196,1.031,1.0846,0.7183,0.9667,1.5868,0.7369
2019-11-19,1.2690000000000001,1.0746,1.0497,1.91,1.1485,1.3259999999999998,1.052,1.0244,1.8581,1.1241,0.816,1.395,0.919,1.3592,0.8817,1.75,1.247,1.158,1.0131,1.1123,1.207,1.0524,1.1215,0.7278,0.9928,1.6016,0.7532
2019-11-20,1.26,1.0646,1.036,1.911,1.1401,1.3257,1.036,1.0164,1.8604,1.1249,0.8190000000000001,1.375,0.936,1.3449,0.8795,1.743,1.234,1.172,1.0184,1.0945,1.195,1.041,1.1166,0.7221,0.9843,1.5757,0.7483
2019-11-21,1.2590000000000001,1.0638,1.0357,1.8780000000000001,1.1342,1.3133,1.035,1.0172,1.8525,1.1204,0.8170000000000001,1.362,0.932,1.3396,0.8788,1.7380000000000002,1.227,1.17,1.0167,1.0918,1.192,1.0339,1.1168,0.7217,0.9842,1.5757,0.7499
2019-11-22,1.237,1.0562,1.0135,1.788,1.1105,1.2616,1.0270000000000001,1.0163,1.8121,1.0954,0.823,1.351,0.94,1.3143,0.8828,1.716,1.213,1.177,0.9896,1.0878,1.176,1.03,1.1267,0.72,0.9854,1.5718,0.752
2019-11-25,1.208,1.0626,1.0011,1.76,1.1096,1.2415,1.012,1.0193,1.8075,1.0924,0.835,1.365,0.938,1.3075,0.8863,1.733,1.206,1.1740000000000002,0.9869,1.1,1.17,1.0173,1.1292,0.7298,1.0254,1.5813,0.7528
2019-11-26,1.2109999999999999,1.0673,1.0126,1.774,1.1137,1.2517,1.011,1.0252,1.8221,1.1012,0.835,1.362,0.952,1.3239,0.8994,1.74,1.218,1.185,0.9964,1.0938,1.19,1.0117,1.1562,0.7344,1.0149,1.5824,0.7592
2019-11-27,1.218,1.074,1.0154,1.7619999999999998,1.1074,1.2394,1.0070000000000001,1.0254,1.8206,1.1018,0.84,1.358,0.954,1.3093,0.9058,1.733,1.209,1.173,0.9999,1.0946,1.175,1.0177,1.1712,0.7283,1.0133,1.5697,0.758
2019-11-28,1.213,1.0687,1.0107,1.7730000000000001,1.1099,1.2414,1.016,1.0242,1.8126,1.0962,0.833,1.35,0.948,1.3106,0.9,1.725,1.213,1.171,0.9939,1.0908,1.178,1.0164,1.1671,0.7225,1.0094,1.5704,0.7558
2019-11-29,1.219,1.0636,1.0136,1.726,1.1031,1.2176,1.011,1.0261,1.7795,1.0734,0.8290000000000001,1.342,0.94,1.2922,0.9004,1.72,1.208,1.162,0.9686,1.0846,1.164,1.0116,1.1633,0.727,0.9978,1.5757,0.7571
2019-12-02,1.226,1.0665,1.0183,1.7069999999999999,1.1054,1.2071,1.025,1.0267,1.7794,1.0743,0.8270000000000001,1.342,0.938,1.307,0.8955,1.72,1.22,1.168,0.9686,1.0603,1.178,1.0075,1.1577,0.7266,1.0067,1.5922,0.7577
2019-12-03,1.235,1.0692,1.0217,1.702,1.1135,1.2108,1.0190000000000001,1.0327,1.7785,1.0728,0.833,1.348,0.946,1.3031,0.9048,1.731,1.221,1.177,0.9641,1.0641,1.175,1.0067,1.1649,0.7395,1.004,1.6029,0.7612
2019-12-04,1.236,1.0769,1.0155,1.7180000000000002,1.1152,1.2207,1.014,1.0353,1.7788,1.0746,0.851,1.3430000000000002,0.989,1.2963,0.9108,1.724,1.208,1.209,0.9697,1.0592,1.167,1.0126,1.1719,0.7342,0.9935,1.5983,0.7585
2019-12-05,1.2329999999999999,1.0985,1.0379,1.74,1.1274,1.2422,1.022,1.0472,1.7841,1.0773,0.852,1.358,0.982,1.2968,0.9225,1.749,1.214,1.207,0.9686,1.0641,1.168,1.0195,1.1883,0.7355,1.0044,1.6194,0.7677
2019-12-06,1.24,1.1065,1.0475,1.755,1.1302,1.2442,1.022,1.0532,1.8128,1.0963,0.852,1.359,0.979,1.3065,0.9275,1.76,1.217,1.206,0.9889,1.0651,1.172,1.0266,1.1977,0.7293,1.0076,1.6321,0.7731
2019-12-09,1.258,1.107,1.0454,1.714,1.1394,1.2206,1.023,1.0538,1.8005,1.0897,0.853,1.355,0.974,1.3031,0.924,1.789,1.227,1.202,0.9833,1.0643,1.169,1.0184,1.1875,0.7257,1.0224,1.6302,0.7733
2019-12-10,1.275,1.1068,1.0578,1.732,1.1447,1.2357,1.006,1.0567,1.8001,1.0893,0.862,1.355,0.977,1.285,0.9264,1.802,1.221,1.206,0.9836,1.0608,1.144,1.0149,1.1849,0.7279,1.0233,1.6266,0.7723
2019-12-11,1.265,1.1075,1.0444,1.73,1.1495,1.2406,0.995,1.0491,1.7877,1.0809,0.857,1.365,0.974,1.271,0.92,1.804,1.211,1.21,0.9733,1.0728,1.129,1.0119,1.1648,0.7412,1.0273,1.6264,0.77
2019-12-12,1.273,1.1022,1.0467,1.7269999999999999,1.1478,1.2411,0.986,1.0465,1.7812,1.075,0.856,1.366,0.974,1.2646,0.9197,1.821,1.211,1.206,0.9654,1.0701,1.128,1.0115,1.1651,0.7424,1.015,1.6145,0.7701
2019-12-13,1.2890000000000001,1.1288,1.0705,1.765,1.1615,1.2643,0.993,1.0627,1.8051,1.0902,0.838,1.408,0.972,1.2767,0.9403,1.863,1.224,1.213,0.9803,1.0888,1.142,1.0273,1.1832,0.7446,1.0274,1.6661,0.784
2019-12-16,1.324,1.1479,1.1037,1.765,1.1697,1.2508,0.9990000000000001,1.0794,1.8013,1.0858,0.843,1.38,0.975,1.2725,0.9533,1.895,1.238,1.219,0.9649,1.0869,1.144,1.0327,1.1963,0.7464,1.036,1.686,0.7939
2019-12-17,1.3319999999999999,1.1631,1.1167,1.7719999999999998,1.1739,1.2552,1.01,1.0946,1.8168,1.0959,0.863,1.393,0.99,1.2966,0.974,1.9,1.265,1.239,0.9761,1.1017,1.171,1.048,1.2088,0.7521,1.0465,1.7226,0.8029
2019-12-18,1.335,1.1561,1.1223,1.739,1.1729,1.2356,1.008,1.0912,1.8155,1.0948,0.861,1.393,0.996,1.2921,0.971,1.9,1.263,1.247,0.9807,1.1031,1.168,1.0474,1.2011,0.7524,1.0401,1.7196,0.799
2019-12-19,1.331,1.1539,1.1161,1.729,1.1707,1.2398,1.006,1.0932,1.8055,1.0868,0.861,1.389,0.991,1.2905,0.9714,1.897,1.263,1.241,0.9735,1.1051,1.17,1.0432,1.205,0.7522,1.0455,1.7122,0.7996
2019-12-20,1.3,1.1519,1.1015,1.712,1.1715,1.2284,1.006,1.0873,1.8038,1.0851,0.853,1.384,0.987,1.2998,0.9698,1.885,1.26,1.242,0.9698,1.1052,1.182,1.0395,1.2025,0.7566,1.0409,1.7247,0.7944
2019-12-23,1.26,1.1458,1.075,1.706,1.1643,1.2197,0.9890000000000001,1.0723,1.7918,1.0794,0.847,1.361,0.988,1.2758,0.9642,1.854,1.227,1.229,0.9635,1.0944,1.152,1.0373,1.2012,0.7421,1.0451,1.6954,0.7856
2019-12-24,1.278,1.1721,1.0948,1.7109999999999999,1.1738,1.2245,0.998,1.0924,1.8025,1.0858,0.8809999999999999,1.3630000000000002,1.015,1.2743,1.0042,1.887,1.23,1.242,0.9676,1.1007,1.148,1.0515,1.2649,0.7504,1.0562,1.7064,0.8007
2019-12-25,1.297,1.1834,1.1066,1.709,1.1776,1.2286,1.004,1.1001,1.7886,1.0775,0.8809999999999999,1.359,1.024,1.2699,1.014,1.888,1.238,1.246,0.9566,1.0959,1.147,1.0594,1.2864,0.7536,1.0568,1.7012,0.8098
2019-12-26,1.3030000000000002,1.1877,1.1114,1.715,1.1872,1.2446,1.014,1.1064,1.7954,1.0807,0.892,1.369,1.028,1.2736,1.0188,1.912,1.239,1.256,0.9637,1.1039,1.148,1.0643,1.2904,0.754,1.0759,1.7352,0.8117
2019-12-27,1.2790000000000001,1.1827,1.09,1.705,1.18,1.2306,1.011,1.0992,1.8101,1.091,0.916,1.366,1.05,1.2919,1.0163,1.915,1.237,1.259,0.9734,1.1051,1.169,1.0646,1.2812,0.7537,1.0746,1.7036,0.8071
2019-12-30,1.287,1.1941,1.0979,1.706,1.1993,1.2301,1.022,1.1102,1.8461,1.1133,0.925,1.3969999999999998,1.052,1.3086,1.0321,1.942,1.24,1.262,1.0068,1.1048,1.18,1.0797,1.2979,0.7591,1.1014,1.7969,0.8196
2019-12-31,1.29,1.1963,1.1033,1.733,1.2085,1.2556,1.0270000000000001,1.1138,1.8524,1.1159999999999999,0.929,1.392,1.0659999999999998,1.3256,1.0311,1.954,1.251,1.286,1.0073,1.1043,1.193,1.0863,1.2979,0.7606,1.1241,1.7884,0.8209
2020-01-02,1.324,1.2221,1.1155,1.7280000000000002,1.2462,1.2536,1.046,1.1351,1.8493,1.0913,0.94,1.412,1.075,1.3458,1.0447,1.994,1.272,1.301,0.9966,1.121,1.22,1.1059,1.3111,0.7759,1.1381,1.81,0.8425
2020-01-03,1.335,1.2323,1.1215,1.715,1.2398,1.2523,1.0390000000000001,1.1415,1.8330000000000002,1.0791,0.952,1.42,1.115,1.3432,1.0533,1.987,1.269,1.341,0.9857,1.1236,1.215,1.1069,1.3276,0.7758,1.1295,1.8073,0.8469
2020-01-06,1.3519999999999999,1.2466,1.1329,1.7,1.2492,1.244,1.045,1.1613,1.8156,1.0684,0.978,1.405,1.175,1.3531,1.0812,2.003,1.274,1.431,0.9779,1.1172,1.228,1.1152,1.3730000000000002,0.7718,1.1276,1.8071,0.8627
2020-01-07,1.369,1.2487,1.1387,1.733,1.2738,1.2669,1.057,1.1722,1.8405,1.0833,0.969,1.416,1.147,1.3945,1.0795,2.008,1.295,1.403,0.988,1.1225,1.255,1.124,1.3697,0.7799,1.1326,1.8176,0.8655
2020-01-08,1.3430000000000002,1.2401,1.122,1.7280000000000002,1.2691,1.2536,1.041,1.1661,1.8337,1.0809,0.969,1.393,1.181,1.375,1.0851,1.978,1.273,1.445,0.9896,1.1055,1.232,1.1262,1.3769999999999998,0.7789,1.1127,1.7619999999999998,0.8597
2020-01-09,1.38,1.2570000000000001,1.1509,1.79,1.2879,1.285,1.06,1.1771,1.8638,1.0976,0.957,1.403,1.126,1.3892,1.0935,2.004,1.29,1.3869999999999998,1.01,1.111,1.235,1.1452,1.3924,0.7879,1.1278,1.7881,0.8693
2020-01-10,1.379,1.2586,1.1499,1.7990000000000002,1.3,1.2912,1.055,1.1743,1.8865,1.1108,0.953,1.4,1.116,1.3823,1.09,1.991,1.279,1.38,1.0337,1.1108,1.223,1.1467,1.3858,0.7852,1.1374,1.794,0.8640000000000001
2020-01-13,1.4080000000000001,1.2802,1.1743,1.815,1.3212,1.3021,1.064,1.1924,1.9106,1.1287,0.958,1.416,1.115,1.3994,1.1152,2.024,1.2919999999999998,1.379,1.0486,1.1135,1.229,1.1479,1.415,0.8072,1.1339,1.816,0.8752
2020-01-14,1.395,1.2772,1.1696,1.795,1.3141,1.2905,1.0590000000000002,1.2008,1.8872,1.1149,0.98,1.4169999999999998,1.126,1.4002,1.1265,2.017,1.291,1.401,1.0332,1.1117,1.237,1.1515,1.4333,0.8085,1.131,1.7951,0.8781
2020-01-15,1.412,1.2726,1.1766,1.824,1.3178,1.3047,1.056,1.1913,1.8987,1.1241,0.96,1.406,1.11,1.3976,1.1114,2.011,1.287,1.3730000000000002,1.0381,1.1003,1.226,1.1443,1.4097,0.7987,1.1207,1.788,0.8719
2020-01-16,1.42,1.2738,1.1778,1.854,1.3215,1.3039,1.051,1.1888,1.903,1.1267,0.955,1.3869999999999998,1.096,1.4032,1.1106,2.008,1.281,1.356,1.04,1.0941,1.218,1.1505,1.4084,0.8029,1.1186,1.7796,0.8691
2020-01-17,1.4269999999999998,1.2744,1.1756,1.8780000000000001,1.325,1.318,1.051,1.1828,1.8995,1.1223,0.955,1.3869999999999998,1.1,1.3901,1.1098,2.025,1.2819999999999998,1.358,1.0401,1.0962,1.205,1.1536,1.4047,0.8122,1.1183,1.7855,0.8640000000000001
2020-01-20,1.4569999999999999,1.2919999999999998,1.208,1.9169999999999998,1.3259,1.36,1.062,1.2015,1.8935,1.1175,0.958,1.405,1.104,1.3872,1.1317,2.045,1.3019999999999998,1.36,1.0295,1.1027,1.21,1.1654,1.4340000000000002,0.8176,1.128,1.812,0.8781
2020-01-21,1.4380000000000002,1.2911,1.1923,1.919,1.3222,1.3862,1.045,1.187,1.8549,1.0936,0.937,1.378,1.092,1.3573,1.1101,1.998,1.288,1.347,1.0006,1.0883,1.182,1.1632,1.4071,0.7979,1.0968,1.7798,0.8675
2020-01-22,1.472,1.3302,1.2224,1.92,1.3425,1.3703,1.052,1.2076,1.8553,1.0933,0.945,1.376,1.077,1.3485,1.1498,2.016,1.289,1.338,1.0043,1.0897,1.17,1.1846,1.4672,0.8052,1.097,1.7846,0.884
2020-01-23,1.422,1.2982,1.1813,1.8659999999999999,1.3073,1.358,1.024,1.1718,1.7887,1.053,0.918,1.3430000000000002,1.057,1.2932,1.1254,1.925,1.229,1.314,0.9675,1.0659,1.114,1.149,1.4382,0.7829,1.057,1.7201,0.8579
2020-02-03,1.297,1.2146,1.082,1.776,1.2126,1.3217,0.9590000000000001,1.0733,1.6593,0.9754,0.838,1.245,0.975,1.1992,1.0493,1.755,1.135,1.22,0.8865,0.9992,1.023,1.0698,1.3389,0.7118,0.959,1.5630000000000002,0.7932
2020-02-04,1.329,1.2942,1.1287,1.848,1.2663,1.3653,0.9690000000000001,1.0942,1.6793,0.9909,0.847,1.276,0.986,1.2131,1.106,1.809,1.163,1.246,0.8809,1.0205,1.048,1.1065,1.4512,0.7086,0.9794,1.5687,0.8259
2020-02-05,1.367,1.3034,1.1419,1.8719999999999999,1.2936,1.4078,0.987,1.1173,1.6992,1.0028,0.871,1.276,1.013,1.2322,1.148,1.834,1.21,1.281,0.8926,1.0209,1.068,1.1143,1.5075,0.7273,0.9883,1.5881,0.8426
2020-02-06,1.425,1.3178,1.1818,1.936,1.3253,1.4593,1.003,1.1422,1.7297,1.0192,0.879,1.287,1.014,1.2728,1.1717,1.867,1.256,1.288,0.9014,1.0283,1.107,1.1297,1.5383,0.7305,0.9987,1.6232,0.8591
2020-02-07,1.476,1.3069,1.1963,1.915,1.324,1.4215,1.008,1.1552,1.7504,1.0303,0.873,1.281,1.01,1.2774,1.1472,1.894,1.27,1.289,0.9091,1.0253,1.108,1.1318,1.504,0.7254,0.996,1.6234,0.8595
2020-02-10,1.476,1.3311,1.1991,1.9240000000000002,1.3547,1.4269,1.016,1.1740000000000002,1.755,1.0304,0.9,1.277,1.038,1.3117,1.1904,1.928,1.298,1.341,0.9112,1.0214,1.159,1.1414,1.5612,0.7447,1.0473,1.6357,0.8807
2020-02-11,1.465,1.3459999999999999,1.21,1.9380000000000002,1.3730000000000002,1.4177,1.023,1.1669,1.775,1.0448,0.907,1.287,1.042,1.3151,1.1797,1.917,1.2819999999999998,1.334,0.9324,1.0334,1.15,1.1547,1.546,0.7429,1.052,1.6348,0.8767
2020-02-12,1.5219999999999998,1.3734,1.2388,1.973,1.4003,1.433,1.03,1.2054,1.7812,1.0475,0.942,1.293,1.068,1.3231,1.2175,1.935,1.315,1.3769999999999998,0.935,1.0374,1.159,1.1554,1.595,0.7489,1.0648,1.6548,0.9029
2020-02-13,1.0,1.3691,1.2326,1.956,1.3942,1.422,1.021,1.2028,1.7606,1.0373,0.952,1.283,1.092,1.3152,1.212,1.939,1.298,1.418,0.928,1.032,1.161,1.1293,1.5763,0.7442,1.0702,1.6304,0.9
2020-02-14,1.003,1.3638,1.2309999999999999,1.9680000000000002,1.3968,1.452,1.0270000000000001,1.1946,1.7587,1.0359,0.968,1.293,1.096,1.3372,1.2025,1.943,1.314,1.4169999999999998,0.9257,1.0401,1.181,1.1289,1.5614,0.7392,1.0758,1.6554,0.8946
2020-02-17,1.041,1.4101,1.2785,2.019,1.4597,1.4709,1.05,1.2308,1.7789,1.0465,0.989,1.32,1.114,1.3572,1.245,1.995,1.361,1.453,0.9331,1.0585,1.208,1.1558,1.6099,0.7716,1.0897,1.7242,0.9236
2020-02-18,1.068,1.4203,1.2934,2.01,1.4893,1.4589,1.054,1.25,1.7726,1.0421,0.988,1.3090000000000002,1.129,1.3583,1.254,2.004,1.376,1.464,0.9283,1.0511,1.205,1.1636,1.6241,0.777,1.081,1.7132,0.9364
2020-02-19,1.051,1.3956,1.2789,1.979,1.4817,1.426,1.0490000000000002,1.2372,1.7911,1.0527,0.968,1.3119999999999998,1.129,1.3912,1.2257,2.011,1.367,1.466,0.9396,1.0505,1.221,1.137,1.5752,0.7811,1.0912,1.7135,0.9296
2020-02-20,1.069,1.4189,1.3165,2.004,1.5171,1.4415,1.069,1.2578,1.8385,1.0815,0.973,1.339,1.124,1.406,1.2479,2.043,1.392,1.469,0.9726,1.0621,1.229,1.1511,1.6005,0.8066,1.1,1.8026,0.9506
2020-02-21,1.103,1.433,1.3482,2.02,1.5243,1.4513,1.067,1.2697,1.8358,1.0789,0.984,1.338,1.165,1.4003,1.2621,2.077,1.414,1.519,0.9701,1.0611,1.226,1.1607,1.6117,0.8229,1.1063,1.8037,0.9594
2020-02-24,1.141,1.4391,1.3972,2.031,1.5522,1.472,1.0659999999999998,1.2746,1.8182,1.0653,0.976,1.3159999999999998,1.178,1.3991,1.248,2.101,1.455,1.5319999999999998,0.9522,1.0497,1.235,1.1739,1.6011,0.8214,1.1196,1.7982,0.9596
2020-02-25,1.146,1.4595,1.4164,2.05,1.5538,1.5036,1.052,1.2797,1.8071,1.0576,0.975,1.305,1.159,1.4015,1.2937,2.074,1.463,1.523,0.9443,1.0406,1.248,1.1653,1.6671,0.8485,1.1103,1.7958,0.9716
2020-02-26,1.089,1.389,1.3395,1.993,1.5054,1.0,1.041,1.242,1.7875,1.0457,0.953,1.305,1.113,1.3975,1.2391,2.033,1.42,1.482,0.9363,1.0428,1.232,1.1408,1.5796,0.8367,1.1307,1.7932,0.9381
2020-02-27,1.095,1.393,1.3359999999999999,2.025,1.5395,1.0059,1.046,1.2477,1.8214,1.0646,0.948,1.305,1.124,1.4066,1.2237,2.039,1.431,1.499,0.9472,1.0497,1.246,1.1494,1.5661,0.8343,1.1481,1.7952,0.9386
2020-02-28,1.023,1.3353,1.2685,1.973,1.4605,0.9848,1.013,1.1835,1.7577,1.0273,0.892,1.264,1.053,1.346,1.1433,1.928,1.37,1.443,0.9085,1.0229,1.197,1.1052,1.4754,0.7929,1.1252,1.7865,0.8894
2020-03-02,1.067,1.3579,1.3187,2.012,1.5279,1.0066,1.0390000000000001,1.2248,1.7998,1.0516,0.917,1.2919999999999998,1.069,1.4035,1.1729,1.982,1.426,1.45,0.9308,1.0411,1.241,1.1328,1.5027,0.82,1.1956,1.7919999999999998,0.9171
2020-03-03,1.089,1.3646,1.3248,2.063,1.5457,1.0354,1.043,1.2412,1.8147,1.0624,0.924,1.289,1.081,1.4191,1.1953,1.995,1.449,1.4580000000000002,0.9371,1.0439,1.269,1.1439,1.536,0.8278,1.1956,1.794,0.9224
2020-03-04,1.0759999999999998,1.3456,1.3029,2.073,1.5489,1.0322,1.054,1.247,1.8438,1.0766,0.935,1.2990000000000002,1.1,1.4401,1.1919,1.998,1.45,1.472,0.9445,1.0457,1.296,1.1412,1.53,0.8281,1.2201,1.7993,0.918
2020-03-05,1.075,1.3559,1.3077,2.122,1.5414,1.0492,1.077,1.2659,1.9155,1.1157,0.945,1.3330000000000002,1.107,1.5166,1.1948,2.029,1.484,1.4780000000000002,0.992,1.0712,1.349,1.1571,1.5278,0.8359,1.2202,1.8037,0.9282
2020-03-06,1.064,1.3448,1.2978,2.128,1.5313,1.0533,1.063,1.2609,1.8857,1.0982,0.943,1.308,1.117,1.4942,1.1872,2.04,1.48,1.49,0.9694,1.0556,1.332,1.154,1.5266,0.8259,1.19,1.8029,0.9218
2020-03-09,1.0090000000000001,1.273,1.2311,2.088,1.444,1.0296,1.023,1.2111,1.8194,1.0595,0.902,1.261,1.067,1.4678,1.1217,1.929,1.426,1.44,0.9331,1.0303,1.3119999999999998,1.1182,1.4476,0.7857,1.1501,1.7979,0.8718
2020-03-10,1.063,1.3032,1.2868,2.083,1.4798,1.0286,1.04,1.2368,1.8601,1.0857,0.91,1.281,1.062,1.4767,1.1575,1.942,1.4340000000000002,1.431,0.9597,1.0415,1.317,1.125,1.4851,0.8051,1.1879,1.8005,0.8974
2020-03-11,1.041,1.2816,1.2553,2.051,1.4575,1.0218,1.026,1.2226,1.8559999999999999,1.0817,0.899,1.263,1.058,1.4756,1.1382,1.915,1.414,1.443,0.9573,1.033,1.3130000000000002,1.1195,1.4575,0.8002,1.1631,1.7996,0.8865
2020-03-12,1.031,1.253,1.2241,1.983,1.4291,0.9919,1.006,1.198,1.8176,1.0589,0.8759999999999999,1.244,1.022,1.4325,1.1107,1.87,1.362,1.41,0.9348,1.0279,1.286,1.0987,1.415,0.7967,1.1407,1.7986,0.8634
2020-03-13,1.036,1.2447,1.2154,1.9469999999999998,1.4205,0.9744,0.9940000000000001,1.1867,1.7942,1.0438,0.858,1.221,0.99,1.4237,1.095,1.843,1.358,1.381,0.9177,1.0192,1.277,1.0825,1.3832,0.7905,1.1248,1.7969,0.8559
2020-03-16,0.9690000000000001,1.1638,1.1303,1.857,1.3328,0.9351,0.955,1.1293,1.7335,1.005,0.826,1.18,0.959,1.3706,1.0216,1.745,1.298,1.358,0.8808,0.9911,1.233,1.0317,1.2891,0.7514,1.0789,1.7638,0.8013
2020-03-17,0.971,1.1559,1.1261,1.855,1.3261,0.9417,0.95,1.1244,1.7163,0.9948,0.8140000000000001,1.1740000000000002,0.938,1.3578,1.0126,1.746,1.304,1.315,0.8623,0.9893,1.237,1.0229,1.2768,0.7389,1.0831,1.724,0.7974
2020-03-18,0.953,1.1392,1.1059,1.841,1.3138,0.941,0.935,1.1064,1.6867,0.9759,0.7979999999999999,1.152,0.921,1.3704,0.992,1.726,1.31,1.29,0.8394,0.9683,1.243,1.0141,1.2532,0.7211,1.0871,1.7004,0.7864
2020-03-19,0.98,1.1284,1.1287,1.805,1.3102,0.9259,0.924,1.1087,1.653,0.9555,0.79,1.122,0.916,1.3636,0.9845,1.734,1.318,1.288,0.8109999999999999,0.9436,1.248,1.0071,1.2465,0.7144,1.0855,1.6969999999999998,0.7866
2020-03-20,0.9790000000000001,1.1453,1.1307,1.865,1.3294,0.9498,0.9329999999999999,1.1141,1.7056,0.9866,0.802,1.14,0.947,1.3771,0.985,1.768,1.332,1.364,0.8375,0.9635,1.258,1.0261,1.2449,0.7247,1.1259,1.7618,0.7899
2020-03-23,0.9259999999999999,1.094,1.0694,1.8219999999999998,1.2781,0.9334,0.904,1.0628,1.6694,0.9658,0.774,1.107,0.925,1.3321,0.9158,1.676,1.263,1.336,0.8126,0.9422,1.21,0.9859,1.1524,0.6809,1.1079,1.7353,0.7398
2020-03-24,0.946,1.1157,1.0854,1.875,1.3119,0.9517,0.92,1.0801,1.7336,0.9995,0.8079999999999999,1.142,0.992,1.3711,0.9444,1.734,1.281,1.423,0.8433,0.965,1.229,1.0058,1.1778,0.7157,1.133,1.8227,0.7512
2020-03-25,0.966,1.1529,1.1277,1.9480000000000002,1.3412,0.9911,0.945,1.1072,1.7674,1.0191,0.8270000000000001,1.175,1.014,1.4076,0.9902,1.784,1.321,1.45,0.8678,0.9804,1.256,1.0382,1.2334,0.7471,1.1451,1.839,0.7818
2020-03-26,0.9520000000000001,1.1371,1.1079,1.982,1.3304,1.0142,0.934,1.0858,1.7811,1.0245,0.82,1.167,1.013,1.4238,0.9738,1.766,1.34,1.4480000000000002,0.867,0.9859,1.277,1.0338,1.2099,0.7397,1.1188,1.8427,0.7658
2020-03-27,0.938,1.1395,1.0947,1.993,1.3373,1.0069,0.941,1.0845,1.808,1.0393,0.8170000000000001,1.167,1.015,1.4169999999999998,0.9714,1.766,1.328,1.453,0.8871,0.989,1.263,1.0427,1.2051,0.7413,1.1306,1.8514,0.7674
2020-03-30,0.905,1.1242,1.0634,1.956,1.3157,0.9837,0.9259999999999999,1.0651,1.7947,1.0312,0.797,1.16,0.984,1.4312,0.9617,1.729,1.33,1.409,0.8703,0.9849,1.275,1.023,1.1888,0.7458,1.1242,1.7855,0.7556
2020-03-31,0.902,1.1287,1.0659,2.002,1.317,1.0072,0.932,1.0635,1.8572,1.0644,0.8059999999999999,1.154,0.984,1.4978,0.9685,1.745,1.401,1.406,0.8866,0.9747,1.3330000000000002,1.0331,1.1974,0.7551,1.1191,1.7966,0.759
2020-04-01,0.9009999999999999,1.1376,1.0723,1.974,1.3121,0.9975,0.93,1.0671,1.8311,1.0508,0.8170000000000001,1.15,1.0,1.4812,0.9753,1.747,1.392,1.4269999999999998,0.8806,0.9742,1.3230000000000002,1.0291,1.2183,0.7395,1.1157,1.8206,0.7627
2020-04-02,0.9390000000000001,1.1679,1.1153,1.9980000000000002,1.3358,1.0074,0.943,1.0925,1.8467,1.0618,0.823,1.162,0.986,1.4756,0.9958,1.76,1.4,1.412,0.892,0.9807,1.3159999999999998,1.0509,1.2563,0.7361,1.1204,1.7983,0.7856
2020-04-03,0.924,1.1558,1.0985,2.013,1.3349,1.011,0.938,1.0793,1.8552,1.0653,0.815,1.149,0.985,1.4896,0.981,1.746,1.405,1.416,0.8899,0.9744,1.318,1.0529,1.2379,0.7258,1.1114,1.7990000000000002,0.7757
2020-04-07,0.9570000000000001,1.1966,1.1313,2.072,1.3809,1.0454,0.956,1.1076,1.9128,1.0972,0.845,1.165,1.043,1.5384,1.0096,1.818,1.457,1.496,0.9131,0.9852,1.368,1.0738,1.2787,0.7381,1.1705,1.8903,0.7958
2020-04-08,0.9570000000000001,1.1883,1.1276,2.06,1.371,1.0323,0.9540000000000001,1.1066,1.8971,1.0896,0.8440000000000001,1.153,1.039,1.5173,1.0018,1.808,1.4409999999999998,1.489,0.913,0.9801,1.362,1.0723,1.2697,0.7341,1.1722,1.8762,0.7908
2020-04-09,0.963,1.1848,1.1276,2.1519999999999997,1.3991,1.0649,0.955,1.1074,1.9184,1.0996,0.843,1.156,1.046,1.5276,0.9984,1.817,1.461,1.501,0.9179,0.9808,1.37,1.0851,1.2632,0.7425,1.1743,1.8855,0.7882
2020-04-10,0.9279999999999999,1.1727,1.0922,2.121,1.385,1.0478,0.9420000000000001,1.0866,1.9137,1.1005,0.833,1.164,1.041,1.5221,0.9756,1.796,1.439,1.489,0.9285,0.9802,1.356,1.0723,1.2314,0.7275,1.1592,1.8739,0.7726
2020-04-13,0.907,1.1631,1.0678,2.136,1.3913,1.057,0.934,1.0721,1.9105,1.0973,0.8320000000000001,1.156,1.047,1.5086,0.9584,1.814,1.41,1.495,0.9278,0.9734,1.335,1.069,1.2044,0.7245,1.1854,1.886,0.762
2020-04-14,0.93,1.2004,1.1054,2.1719999999999997,1.4146,1.0842,0.953,1.0997,1.936,1.1142,0.86,1.172,1.082,1.5445,1.0047,1.859,1.444,1.546,0.9397,0.9844,1.348,1.0864,1.2727,0.737,1.1978,1.9446,0.7928
2020-04-15,0.925,1.1984,1.1075,2.145,1.4116,1.0882,0.945,1.0967,1.9177,1.1049,0.853,1.165,1.074,1.5275,1.0061,1.83,1.44,1.53,0.938,0.9795,1.339,1.0835,1.2797,0.7381,1.1757,1.9356,0.7923
2020-04-16,0.938,1.2028,1.115,2.1630000000000003,1.4149,1.1146,0.9440000000000001,1.1065,1.91,1.0995,0.853,1.161,1.084,1.5217,1.0164,1.838,1.444,1.5519999999999998,0.929,0.9776,1.334,1.0883,1.2928,0.7372,1.1667,1.9541,0.8008
2020-04-17,0.9440000000000001,1.2204,1.1295,2.153,1.4212,1.1035,0.951,1.1099,1.9168,1.1076,0.847,1.194,1.05,1.5218,1.0244,1.818,1.4480000000000002,1.5019999999999998,0.9421,0.985,1.351,1.0898,1.3059,0.7336,1.185,1.8972,0.8167
2020-04-20,0.966,1.2416,1.1428,2.185,1.4432,1.1314,0.958,1.1134,1.9340000000000002,1.1157,0.846,1.203,1.0490000000000002,1.5318,1.0283,1.842,1.474,1.5,0.9467,0.9848,1.366,1.106,1.3143,0.7322,1.2189,1.8925,0.8208
2020-04-21,0.9670000000000001,1.2356,1.1305,2.171,1.4343,1.1236,0.9470000000000001,1.1008,1.9116,1.0996,0.8320000000000001,1.188,1.036,1.5243,1.0105,1.851,1.472,1.489,0.9249,0.9813,1.352,1.0905,1.2901,0.7234,1.2244,1.8704,0.8083
2020-04-22,0.9690000000000001,1.2383,1.135,2.215,1.4555,1.1358,0.951,1.1121,1.9639,1.1276,0.8340000000000001,1.19,1.032,1.6019,1.0156,1.853,1.54,1.485,0.9508,0.981,1.392,1.1011,1.2957,0.7251,1.224,1.8669,0.8156
2020-04-23,0.956,1.2339,1.1182,2.218,1.4579,1.1586,0.9520000000000001,1.1023,1.9696,1.1327,0.835,1.192,1.052,1.602,1.0025,1.876,1.523,1.514,0.953,0.9777,1.398,1.0947,1.2806,0.7184,1.2052,1.8956,0.8097
2020-04-24,0.9329999999999999,1.2231,1.1007,2.176,1.4446,1.1246,0.94,1.0906,1.976,1.1391,0.831,1.1740000000000002,1.044,1.5939,1.0008,1.855,1.505,1.504,0.9632,0.9751,1.396,1.0878,1.2775,0.7189,1.1939,1.8787,0.804
2020-04-27,0.9259999999999999,1.2298,1.1067,2.22,1.4617,1.1512,0.955,1.0908,1.9793,1.1411,0.818,1.189,1.022,1.6066,0.9977,1.849,1.514,1.483,0.9559,0.992,1.403,1.1035,1.2825,0.7081,1.2048,1.8435,0.8066
2020-04-28,0.922,1.2463,1.1217,2.249,1.4699,1.1562,0.9620000000000001,1.0833,2.0151,1.1638,0.805,1.2009999999999998,1.006,1.6232,0.9978,1.835,1.51,1.4369999999999998,0.9829,0.9934,1.411,1.1106,1.2874,0.7022,1.1956,1.822,0.813
2020-04-29,0.9179999999999999,1.2533,1.1273,2.219,1.4797,1.1394,0.966,1.0867,1.9734,1.1381,0.805,1.227,1.007,1.5884,0.9988,1.83,1.494,1.436,0.9707,1.0163,1.395,1.1059,1.289,0.7073,1.2174,1.8283,0.8182
2020-04-30,0.9590000000000001,1.2776,1.1731,2.181,1.5067,1.1226,0.981,1.1198,1.9649,1.1337,0.8240000000000001,1.232,1.017,1.5828,1.0446,1.835,1.5019999999999998,1.4409999999999998,0.9734,1.0198,1.404,1.1182,1.3551,0.7277,1.2146,1.8309,0.8498
2020-05-06,0.985,1.2996,1.1983,2.215,1.53,1.1371,0.9840000000000001,1.1391,1.9941,1.149,0.8420000000000001,1.223,1.028,1.6047,1.072,1.832,1.541,1.439,0.9806,1.0104,1.4169999999999998,1.1307,1.3871,0.7465,1.2175,1.8301,0.8609
2020-05-07,0.978,1.3029,1.1907,2.229,1.534,1.1406,0.978,1.1347,2.0205,1.1636,0.838,1.216,1.021,1.6312,1.0678,1.822,1.546,1.425,0.9923,1.0054,1.4280000000000002,1.1287,1.3858,0.7408,1.2343,1.8154,0.8582
2020-05-08,0.998,1.3175,1.2019,2.244,1.5527,1.1519,0.991,1.1428,2.0423,1.1751,0.848,1.22,1.044,1.6389,1.0789,1.855,1.5519999999999998,1.462,1.0021,1.0147,1.431,1.1385,1.3956,0.7490000000000001,1.2384,1.846,0.863
2020-05-11,0.9940000000000001,1.3182,1.2015,2.21,1.5487,1.147,0.998,1.1395,2.0293,1.1695,0.838,1.23,1.029,1.6188,1.065,1.857,1.5219999999999998,1.4480000000000002,1.0049,1.0169,1.413,1.1335,1.3794,0.748,1.2643,1.8241,0.8557
2020-05-12,0.997,1.3313,1.2064,2.279,1.5767,1.1714,0.9940000000000001,1.1381,2.0563,1.1822,0.831,1.22,1.024,1.6269999999999998,1.0689,1.851,1.528,1.44,1.0082,1.01,1.413,1.1428,1.3884,0.7446,1.256,1.8179,0.8624
2020-05-13,0.995,1.341,1.2093,2.365,1.5918,1.1838,0.996,1.143,2.1014,1.2051,0.836,1.217,1.029,1.6536,1.069,1.865,1.539,1.4409999999999998,1.0337,1.0097,1.435,1.143,1.3917,0.7417,1.2531,1.823,0.8633
2020-05-14,0.988,1.324,1.1966,2.359,1.579,1.1756,0.987,1.1303,2.0868,1.1968,0.83,1.198,1.029,1.6262,1.0529,1.85,1.496,1.45,1.0322,0.9999,1.418,1.1252,1.3688,0.7293,1.221,1.8231,0.8483
2020-05-15,0.996,1.3247,1.2012,2.3369999999999997,1.5858,1.1772,0.982,1.1338,2.0752,1.1878,0.8390000000000001,1.196,1.042,1.6315,1.0662,1.854,1.501,1.476,1.0195,0.9995,1.421,1.1155,1.3912,0.7281,1.2124,1.8449,0.8544
2020-05-18,0.978,1.3233,1.1668,2.3930000000000002,1.6119999999999999,1.2001,0.981,1.1253,2.1247,1.2163,0.862,1.194,1.093,1.6669,1.048,1.908,1.517,1.56,1.0488,1.0004,1.4409999999999998,1.1199,1.3579,0.7228,1.2185,1.9319,0.8483
2020-05-19,1.001,1.3506,1.1924,2.4130000000000003,1.6378,1.2184,0.996,1.1399,2.14,1.224,0.852,1.205,1.061,1.6606,1.0609,1.906,1.52,1.515,1.0567,1.0075,1.442,1.1335,1.3779,0.7309,1.2245,1.8764,0.8614
2020-05-20,0.988,1.3462,1.1837,2.37,1.6178,1.1968,0.99,1.1414,2.1184,1.2138,0.857,1.208,1.074,1.6394,1.0781,1.889,1.491,1.531,1.0485,1.0118,1.4240000000000002,1.132,1.4148,0.7323,1.2131,1.8929,0.8673
2020-05-21,0.9640000000000001,1.3303,1.1626,2.394,1.6114,1.2075,0.99,1.1237,2.1285,1.2206,0.846,1.199,1.044,1.6202,1.0574,1.859,1.4680000000000002,1.493,1.0558,1.0094,1.408,1.1226,1.3756,0.7247,1.2055,1.8522,0.8502
2020-05-22,0.9470000000000001,1.3026,1.1381,2.352,1.5764,1.1784,0.9740000000000001,1.1012,2.0683,1.1841,0.8320000000000001,1.168,1.028,1.6016,1.0366,1.836,1.453,1.48,1.0199,0.9987,1.391,1.1053,1.3338,0.7173,1.1723,1.8273,0.8303
2020-05-25,0.927,1.3068,1.1193,2.386,1.5781,1.1953,0.9740000000000001,1.095,2.1221,1.2109999999999999,0.823,1.158,1.015,1.6362,1.0325,1.83,1.466,1.462,1.0408,0.9984,1.394,1.1175,1.3243,0.7211,1.1755,1.8099,0.8289
2020-05-26,0.948,1.337,1.1469,2.452,1.6177,1.2289,0.991,1.1191,2.1465,1.2215,0.836,1.166,1.039,1.6536,1.0621,1.858,1.48,1.49,1.0511,1.0003,1.412,1.1395,1.3769999999999998,0.7329,1.1877,1.8463,0.8491
2020-05-27,0.93,1.3341,1.1249,2.4019999999999997,1.6176,1.1993,0.991,1.1128,2.1327,1.2124,0.828,1.166,1.022,1.6388,1.0661,1.839,1.459,1.463,1.0418,1.0032,1.401,1.1593,1.3851,0.7289,1.1709,1.8212,0.8488
2020-05-28,0.929,1.3274,1.1262,2.3819999999999997,1.6291,1.1819,0.987,1.1083,2.1319,1.2124,0.8420000000000001,1.1840000000000002,1.043,1.6196,1.0639,1.854,1.44,1.491,1.0497,1.0115,1.381,1.1505,1.3758,0.7298,1.1797,1.8474,0.8423
2020-05-29,0.9329999999999999,1.3546,1.1342,2.471,1.6549,1.21,0.993,1.1151,2.164,1.2293,0.846,1.1740000000000002,1.041,1.6403,1.073,1.862,1.492,1.487,1.0653,1.0068,1.391,1.1835,1.3949,0.7331,1.1813,1.8466,0.8513
2020-06-01,0.971,1.3939,1.1878,2.511,1.7105,1.2269,1.011,1.1493,2.2126,1.2614,0.865,1.195,1.067,1.671,1.1095,1.904,1.537,1.523,1.0987,1.0201,1.414,1.2061,1.4432,0.7541,1.2088,1.8931,0.878
2020-06-02,0.973,1.3675,1.1992,2.457,1.6979,1.2018,1.015,1.1331,2.1742,1.2455,0.863,1.219,1.05,1.666,1.1063,1.895,1.527,1.5019999999999998,1.0862,1.0266,1.422,1.1945,1.4436,0.7537,1.2016,1.8666,0.8788
2020-06-03,0.9690000000000001,1.3815,1.205,2.477,1.6952,1.2151,1.013,1.1306,2.1636,1.2393,0.857,1.226,1.038,1.6541,1.1086,1.889,1.518,1.487,1.0798,1.0284,1.415,1.1975,1.4412,0.7719,1.1937,1.8575,0.8804
2020-06-04,0.96,1.3924,1.2036,2.505,1.7038,1.2304,1.0170000000000001,1.1381,2.1954,1.2558,0.862,1.221,1.024,1.6607,1.1244,1.88,1.528,1.467,1.1006,1.0253,1.414,1.2126,1.4777,0.7718,1.1855,1.8356,0.8842
2020-06-05,0.9640000000000001,1.4005,1.2146,2.5469999999999997,1.7074,1.2426,1.0170000000000001,1.1418,2.1977,1.2606,0.857,1.224,1.019,1.6368,1.1244,1.869,1.515,1.461,1.1219,1.027,1.4069999999999998,1.2127,1.4825,0.77,1.1772,1.8301,0.8885
2020-06-08,0.9590000000000001,1.3974,1.2224,2.505,1.7109999999999999,1.2247,1.022,1.1466,2.1966,1.2655,0.87,1.249,1.03,1.6318,1.1293,1.88,1.518,1.48,1.1287,1.0291,1.408,1.1982,1.4883,0.7713,1.1727,1.8468,0.8984
2020-06-09,0.961,1.4088,1.2234,2.5340000000000003,1.7284,1.2469,1.033,1.1502,2.2199,1.2781,0.87,1.251,1.021,1.6415,1.1381,1.888,1.514,1.4680000000000002,1.137,1.0316,1.404,1.215,1.5055,0.7741,1.1797,1.8382,0.9023
2020-06-10,0.965,1.4303,1.2399,2.6,1.7459,1.2702,1.031,1.1502,2.2298,1.2825,0.865,1.238,1.027,1.6612,1.1429,1.897,1.536,1.474,1.1416,1.0255,1.415,1.2265,1.514,0.7707,1.2051,1.8407,0.9056
2020-06-11,0.968,1.4405,1.2344,2.5869999999999997,1.7489,1.2693,1.021,1.1529,2.1955,1.2635,0.868,1.217,1.037,1.6257,1.1559,1.88,1.519,1.489,1.1228,1.0139,1.392,1.225,1.515,0.7811,1.1908,1.8486,0.9112
2020-06-12,0.965,1.4451,1.2342,2.628,1.7608,1.2859,1.024,1.1483,2.2086,1.2719,0.858,1.214,1.021,1.6329,1.1394,1.856,1.518,1.471,1.1262,1.0165,1.382,1.2282,1.4893,0.7835,1.1867,1.8237,0.9054
2020-06-15,0.958,1.4244,1.22,2.657,1.7457,1.3106,1.015,1.1478,2.1848,1.2531,0.851,1.197,1.005,1.6493,1.1337,1.828,1.5530000000000002,1.444,1.0959,1.0035,1.4,1.2382,1.4889,0.7762,1.1731,1.8002,0.9003
2020-06-16,0.977,1.4498,1.2472,2.7110000000000003,1.7758,1.3363,1.0290000000000001,1.1694,2.2187,1.2702,0.8740000000000001,1.213,1.015,1.6619,1.1646,1.871,1.565,1.456,1.1139,1.0115,1.406,1.2621,1.5223,0.7828,1.2032,1.8219,0.9166
2020-06-17,0.975,1.4479,1.2487,2.748,1.7869,1.3778,1.031,1.1678,2.2157,1.2674,0.878,1.208,1.024,1.6763,1.1531,1.871,1.592,1.462,1.1033,1.0108,1.4169999999999998,1.2648,1.4999,0.7787,1.1969,1.8344,0.9109
2020-06-18,0.985,1.4506,1.2785,2.675,1.7815,1.3439,1.037,1.1727,2.2163,1.2702,0.884,1.214,1.017,1.6913,1.1669,1.874,1.604,1.46,1.1065,1.0076,1.426,1.2659,1.5167,0.7852,1.195,1.8313,0.92
2020-06-19,0.9890000000000001,1.4763,1.2868,2.758,1.8071,1.3702,1.038,1.1884,2.2674,1.3008,0.888,1.221,1.029,1.7193,1.2041,1.903,1.6269999999999998,1.47,1.133,1.0121,1.435,1.2955,1.5808,0.7943,1.2002,1.8547,0.9362
2020-06-22,1.003,1.4804,1.3008,2.761,1.8098,1.3823,1.034,1.1955,2.2513,1.2929,0.895,1.219,1.051,1.7380000000000002,1.2184,1.882,1.659,1.495,1.1248,1.0086,1.463,1.2747,1.6001,0.7879999999999999,1.1818,1.8813,0.9459
2020-06-23,1.008,1.5005,1.3148,2.843,1.8355,1.4134,1.031,1.1965,2.3042,1.3239,0.893,1.206,1.046,1.7296,1.2235,1.877,1.644,1.487,1.1609,1.0053,1.435,1.2715,1.6085,0.7879999999999999,1.1738,1.8677,0.9532
2020-06-24,1.01,1.5090000000000001,1.3217,2.82,1.8486,1.3982,1.045,1.1992,2.3074,1.3273,0.892,1.216,1.068,1.7221,1.2196,1.896,1.641,1.5119999999999998,1.1588,1.0168,1.44,1.2638,1.6009,0.787,1.1789,1.8953,0.9632
2020-06-29,0.998,1.5156,1.3114,2.867,1.8687,1.4151,1.043,1.1979,2.3169999999999997,1.3313,0.885,1.197,1.074,1.7396,1.212,1.881,1.659,1.526,1.1629,1.0146,1.464,1.2595,1.5916,0.7788,1.1677,1.8986,0.9693
2020-06-30,1.018,1.5398,1.3541,2.905,1.8928,1.4363,1.051,1.2105,2.3522,1.349,0.89,1.202,1.073,1.7713,1.2311,1.91,1.7009999999999998,1.528,1.1814,1.0174,1.491,1.2872,1.6108,0.7821,1.1788,1.9021,0.9785
2020-07-01,1.02,1.5422,1.3584,2.838,1.9083,1.4088,1.062,1.2151,2.4298,1.3969999999999998,0.908,1.236,1.09,1.8075,1.2358,1.952,1.711,1.546,1.2494,1.0357,1.511,1.2813,1.6158,0.7879,1.2233,1.9313,0.9839
2020-07-02,1.034,1.5375,1.365,2.8,1.8903,1.3916,1.078,1.2342,2.4629,1.4221,0.919,1.284,1.0759999999999998,1.8086,1.2364,1.985,1.716,1.554,1.2928,1.0578,1.511,1.2793,1.6130000000000002,0.7975,1.259,1.9463,0.9896
2020-07-03,1.051,1.544,1.3772,2.839,1.9078,1.4158,1.091,1.2497,2.4444,1.4125,0.935,1.335,1.083,1.8076,1.2611,2.008,1.741,1.575,1.2801,1.0838,1.525,1.2775,1.6429,0.8382,1.2611,2.0075,1.0046
2020-07-06,1.103,1.5874,1.4289,2.81,1.9313,1.4075,1.129,1.2985,2.4979,1.4475,0.991,1.446,1.125,1.8593,1.3093,2.094,1.815,1.652,1.3113,1.1766,1.605,1.2929,1.6977,0.865,1.3116,2.1067,1.0412
2020-07-07,1.131,1.6633,1.4649,2.8680000000000003,1.9697,1.443,1.125,1.3161,2.5536,1.486,1.001,1.44,1.161,1.8848,1.3671,2.108,1.833,1.6969999999999998,1.3509,1.1738,1.607,1.3095,1.7851,0.8711,1.3018,2.1526,1.0664
2020-07-08,1.171,1.6911,1.4961,2.8710000000000004,1.9928,1.4441,1.139,1.3446,2.5764,1.4955,1.041,1.485,1.194,1.8982,1.391,2.152,1.859,1.775,1.3493,1.1812,1.612,1.3113,1.8087,0.877,1.321,2.2297,1.0878
2020-07-09,1.2109999999999999,1.7224,1.5378,2.969,2.0291,1.5076,1.167,1.3741,2.6082,1.5131,1.078,1.499,1.278,1.9488,1.4211,2.216,1.918,1.885,1.3699,1.1743,1.65,1.3319,1.841,0.8903,1.3548,2.353,1.1148
2020-07-10,1.2,1.7088,1.0,3.013,2.0403,1.0,1.1440000000000001,1.3619,2.6319,1.0,1.047,1.433,1.22,1.9396,1.4196,2.176,1.885,1.836,1.3876,1.1429,1.616,1.3195,1.8345,0.9029,1.332,2.2672,1.1049
2020-07-13,1.226,1.7706,1.0272,3.1069999999999998,2.1053,1.0436,1.163,1.4139,2.7281,1.0361,1.093,1.4380000000000002,1.253,2.0319,1.4954,2.251,2.002,1.864,1.4484,1.1416,1.733,1.349,1.9266,0.9375,1.384,2.3181,1.1445
2020-07-14,1.194,1.7349,1.0027,3.091,2.1171,1.0476,1.158,1.3942,2.7291,1.0378,1.069,1.42,1.23,2.0381,1.4511,2.241,1.979,1.843,1.4522,1.1281,1.746,1.3422,1.8655,0.9381,1.3883,2.2995,1.1247
2020-07-15,1.149,1.7164,0.9737,3.137,2.1318,1.0459,1.138,1.3745,2.7754,1.0549,1.042,1.41,1.228,2.0396,1.4202,2.215,1.919,1.821,1.4841,1.1115,1.737,1.3383,1.8289,0.9048,1.3798,2.2564,1.1124
2020-07-16,1.085,1.6235,0.9236,2.947,2.0356,0.9919,1.1159999999999999,1.3418,2.5886,0.9833,1.008,1.368,1.175,1.9352,1.3644,2.12,1.834,1.756,1.3552,1.1061,1.658,1.2781,1.7592,0.8543,1.3559,2.1526,1.0624
2020-07-17,1.077,1.6445,0.9329,3.0010000000000003,2.0896,1.0075,1.112,1.3497,2.6312,0.9989,1.008,1.3530000000000002,1.169,1.9788,1.3661,2.165,1.848,1.745,1.3536,1.1071,1.68,1.291,1.7655,0.8492,1.3952,2.1302,1.0671
2020-07-20,1.11,1.6814,0.9502,2.9539999999999997,2.1347,0.9998,1.1520000000000001,1.3980000000000001,2.6187,0.9902,1.06,1.4340000000000002,1.226,1.9969,1.409,2.3080000000000003,1.89,1.823,1.3385,1.1359,1.7080000000000002,1.3115,1.8087,0.8831,1.4966,2.237,1.1099
2020-07-21,1.107,1.7166,0.9546,3.077,2.1893,1.0448,1.1640000000000001,1.3992,2.6746,1.0105,1.057,1.42,1.268,2.0178,1.4114,2.311,1.895,1.874,1.3698,1.127,1.7180000000000002,1.3437,1.814,0.8917,1.4886,2.2895,1.1207
2020-07-22,1.117,1.7175,0.9699,3.128,2.1967,1.0637,1.172,1.4063,2.7219,1.0279,1.071,1.41,1.317,2.0389,1.4201,2.352,1.924,1.933,1.3875,1.1263,1.715,1.3775,1.8264,0.8916,1.4912,2.3593,1.1223
2020-07-23,1.102,1.7648,0.9607,3.2110000000000003,2.2471,1.1088,1.173,1.4086,2.7359,1.033,1.07,1.391,1.32,2.0303,1.4223,2.331,1.91,1.955,1.3914,1.1116,1.72,1.3806,1.8245,0.8967,1.4886,2.3838,1.1419
2020-07-24,1.05,1.679,0.9076,3.0189999999999997,2.1524,1.0404,1.1320000000000001,1.3425,2.6141,0.9890000000000001,1.033,1.342,1.3219999999999998,1.9683,1.335,2.236,1.855,1.952,1.3282,1.0846,1.6869999999999998,1.3205,1.703,0.8714,1.4131,2.3495,1.0806
2020-07-27,1.058,1.7041,0.9156,3.057,2.1856,1.0590000000000002,1.13,1.3474,2.6468,1.0013,1.069,1.338,1.423,1.9797,1.3259999999999998,2.27,1.869,2.08,1.344,1.0766,1.6909999999999998,1.3016,1.6871,0.8829,1.4209,2.4952,1.084
2020-07-28,1.064,1.7055,0.9286,3.063,2.2279,1.0662,1.135,1.3575,2.7328,1.0322,1.067,1.338,1.3730000000000002,2.0527,1.3591,2.269,1.915,2.009,1.3776,1.0814,1.729,1.3101,1.7274,0.8785,1.4196,2.4332,1.0936
2020-07-29,1.1,1.7618,0.9577,3.154,2.2915,1.1157,1.156,1.3937,2.7579,1.0403,1.077,1.368,1.386,2.0836,1.3941,2.32,1.952,2.033,1.3859,1.095,1.759,1.3436,1.7781,0.9,1.4487,2.4661,1.1229
2020-07-30,1.087,1.7793,0.9422,3.1519999999999997,2.3187,1.1301,1.165,1.4055,2.7667,1.044,1.06,1.348,1.358,2.1028,1.3866,2.314,1.953,1.986,1.3957,1.0846,1.767,1.3372,1.7692,0.8876,1.4753,2.4128,1.1382
2020-07-31,1.102,1.8090000000000002,0.9635,3.208,2.365,1.1565,1.183,1.4252,2.7794,1.0497,1.073,1.352,1.399,2.1036,1.4074,2.333,1.966,2.057,1.3939,1.0865,1.795,1.3522,1.8088,0.8913,1.4906,2.4931,1.1532
2020-08-03,1.1440000000000001,1.8394,0.9899,3.272,2.4003,1.1856,1.207,1.4534,2.8011,1.0552,1.089,1.372,1.393,2.1506,1.4409999999999998,2.361,2.022,2.065,1.3952,1.0947,1.849,1.4058,1.8494,0.914,1.5148,2.5217,1.1765
2020-08-04,1.127,1.8244,0.9719,3.215,2.3897,1.1695,1.203,1.4501,2.7885,1.0499,1.095,1.42,1.378,2.1633,1.4454,2.37,2.022,2.0340000000000003,1.3884,1.1209,1.837,1.3944,1.8554,0.9206,1.5067,2.4755,1.1715
2020-08-05,1.1440000000000001,1.8331,0.9768,3.2710000000000004,2.4295,1.1901,1.207,1.4578,2.8121,1.0565,1.123,1.396,1.442,2.2233,1.452,2.439,2.095,2.1180000000000003,1.392,1.1076,1.893,1.4106,1.8591,0.9178,1.5181,2.5732,1.1766
2020-08-06,1.155,1.8236,0.9717,3.188,2.4426,1.1448,1.203,1.452,2.7633,1.0371,1.148,1.406,1.4980000000000002,2.1792,1.4538,2.458,2.105,2.178,1.3562,1.1172,1.884,1.4023,1.8597,0.9263,1.5149,2.662,1.1691
2020-08-07,1.137,1.8169,0.9566,3.157,2.4411,1.1345,1.197,1.439,2.7431,1.0290000000000001,1.129,1.384,1.4680000000000002,2.1559,1.4357,2.444,2.069,2.129,1.3405,1.108,1.868,1.388,1.8378,0.9116,1.5159,2.5919,1.1606
2020-08-10,1.135,1.8192,0.9497,3.15,2.3978,1.1398,1.193,1.4556,2.7542,1.0307,1.1,1.415,1.4240000000000002,2.1662,1.4216,2.477,2.05,2.076,1.3421,1.1202,1.847,1.3973,1.8196,0.9176,1.5186,2.5243,1.1632
2020-08-11,1.105,1.7939,0.9358,3.109,2.3695,1.1245,1.186,1.4374,2.7675,1.0369,1.074,1.4069999999999998,1.366,2.1894,1.4057,2.414,2.032,2.025,1.3544,1.1235,1.837,1.3673,1.7992,0.9143,1.4894,2.4376,1.1412
2020-08-12,1.092,1.7519999999999998,0.9357,3.013,2.3144,1.0769,1.187,1.4317,2.7184,1.0205,1.0590000000000002,1.416,1.298,2.1445,1.4085,2.37,2.017,1.963,1.3304,1.1307,1.818,1.3614,1.8015,0.9135,1.462,2.336,1.1266
2020-08-13,1.087,1.7597,0.9319,2.9619999999999997,2.3243,1.048,1.196,1.4409999999999998,2.7213,1.0218,1.052,1.405,1.3019999999999998,2.18,1.4083,2.372,2.059,1.968,1.3409,1.126,1.86,1.3696,1.8007,0.9174,1.4606,2.3434,1.1271
2020-08-14,1.104,1.7801,0.9506,2.9739999999999998,2.3541,1.0604,1.202,1.4502,2.7787,1.0439,1.055,1.456,1.311,2.2005,1.4291,2.392,2.055,1.979,1.3869,1.1422,1.865,1.3764,1.8177,0.9202,1.4771,2.3583,1.1413
2020-08-17,1.125,1.8075,0.9707,3.0060000000000002,2.4025,1.0737,1.226,1.4725,2.8244,1.062,1.085,1.529,1.367,2.219,1.4394,2.476,2.097,2.045,1.419,1.1740000000000002,1.881,1.388,1.8303,0.9353,1.5041,2.4481,1.1528
2020-08-18,1.126,1.8193,0.9631,3.042,2.4438,1.084,1.2329999999999999,1.4813,2.8741,1.077,1.099,1.0,1.4240000000000002,2.2587,1.4354,2.513,2.123,2.116,1.4274,1.1643,1.901,1.4024,1.836,0.943,1.5211,2.5272,1.1564
2020-08-19,1.093,1.77,0.9358,2.9539999999999997,2.3976,1.032,1.222,1.4559,2.8904,1.08,1.094,0.97,1.386,2.2688,1.4035,2.513,2.107,2.063,1.4294,1.1549,1.882,1.3796,1.7946,0.9303,1.53,2.4663,1.1251
2020-08-20,1.085,1.7267,0.9321,2.95,2.3562,1.0205,1.207,1.4348,2.839,1.0618,1.0759999999999998,0.957,1.3530000000000002,2.2072,1.3755,2.472,2.07,2.027,1.3974,1.1396,1.861,1.3574,1.7577,0.9097,1.5107,2.4128,1.1059
2020-08-21,1.081,1.7443,0.9463,2.983,2.3836,1.0276,1.2109999999999999,1.4402,2.9044,1.0808,1.073,0.965,1.345,2.2331,1.3902,2.492,2.073,2.008,1.4165,1.142,1.867,1.3749,1.7748,0.9183,1.5157,2.4002,1.1195
2020-08-24,1.091,1.7890000000000001,0.9795,2.983,2.4131,1.0193,1.215,1.4623,2.9311,1.0941,1.09,0.952,1.374,2.2585,1.4184,2.505,2.123,2.037,1.4456,1.1352,1.91,1.3912,1.8118,0.9275,1.5324,2.4408,1.1504
2020-08-25,1.089,1.7668,0.9752,3.022,2.4155,1.0231,1.216,1.4547,2.9758,1.1162,1.07,0.952,1.35,2.2567,1.4122,2.497,2.102,2.019,1.5018,1.1372,1.88,1.3921,1.8036,0.9194,1.5243,2.4126,1.1423
2020-08-26,1.062,1.7268,0.9526,3.022,2.3768,1.0106,1.196,1.4373,2.9747,1.1194,1.0490000000000002,0.935,1.329,2.2248,1.376,2.441,2.06,1.994,1.0,1.1296,1.837,1.3615,1.7491,0.911,1.4908,2.3845,1.1112
2020-08-27,1.078,1.7658,0.9570000000000001,3.072,2.4019,1.0268,1.206,1.4469,3.03,1.1391,1.056,0.937,1.346,2.2416,1.4004,2.461,2.075,2.022,1.0118,1.1287,1.848,1.3686,1.781,0.9296,1.495,2.4177,1.1334
2020-08-28,1.087,1.8016,0.9725,3.167,2.4705,1.0598,1.225,1.4633,3.1242,1.172,1.073,0.954,1.36,2.3139,1.412,2.504,2.116,2.0340000000000003,1.052,1.1542,1.891,1.4167,1.7982,0.9332,1.5224,2.4626,1.1518
2020-08-31,1.083,1.8016,0.9661,3.155,2.4292,1.0441,1.219,1.4575,3.1516,1.1818,1.084,0.937,1.384,2.3098,1.398,2.496,2.121,2.0780000000000003,1.0577,1.1464,1.884,1.4226,1.7791,0.9286,1.5282,2.5217,1.1448
2020-09-01,1.0859999999999999,1.8652,0.976,3.1519999999999997,2.4692,1.0371,1.219,1.4763,3.1354,1.1766,1.106,0.938,1.4269999999999998,2.3196,1.4471,2.516,2.149,2.139,1.0457,1.144,1.898,1.4427,1.8487,0.9677,1.5203,2.5893,1.1745
2020-09-02,1.087,1.8588,0.9846,3.14,2.4397,1.033,1.219,1.4833,3.1404,1.1793,1.083,0.935,1.379,2.3316,1.4471,2.504,2.136,2.08,1.0377,1.1376,1.893,1.4402,1.8494,0.9746,1.5101,2.5314,1.1728
2020-09-03,1.073,1.8358,0.9722,3.128,2.4161,1.0297,1.224,1.4681,3.1228,1.1763,1.068,0.928,1.354,2.3005,1.4305,2.475,2.086,2.047,1.0593,1.133,1.856,1.4318,1.8229,0.9696,1.5025,2.4794,1.1602
2020-09-04,1.073,1.819,0.9658,3.0639999999999996,2.3742,1.0246,1.225,1.4677,3.0403,1.1465,1.064,0.919,1.352,2.2699,1.4147,2.454,2.076,2.042,1.0391,1.1296,1.84,1.4236,1.797,0.9663,1.4901,2.4533,1.149
2020-09-07,1.053,1.7641,0.9342,2.94,2.3046,0.983,1.212,1.4592,2.9556,1.1192,1.0590000000000002,0.91,1.3259999999999998,2.19,1.3865,2.411,1.997,2.007,1.0218,1.1253,1.758,1.3811,1.7546,0.9694,1.4572,2.4031,1.1167
2020-09-08,1.053,1.7607,0.9299,2.9360000000000004,2.2889,0.986,1.2109999999999999,1.4657,2.9211,1.1055,1.063,0.939,1.306,2.1497,1.3768,2.42,1.988,1.979,0.9935,1.1423,1.7380000000000002,1.3806,1.7399,0.9805,1.4561,2.3911,1.1147
2020-09-09,1.0170000000000001,1.7077,0.9003,2.8160000000000003,2.2441,0.9239,1.192,1.4488,2.8347,1.0767,1.039,0.928,1.278,2.0791,1.3287,2.336,1.911,1.943,0.9737,1.1368,1.659,1.3445,1.676,0.9607,1.4081,2.3389,1.0831
2020-09-10,0.9840000000000001,1.7022,0.8882,2.821,2.249,0.9229,1.181,1.4343,2.8575,1.0878,1.038,0.935,1.279,2.0936,1.3172,2.345,1.889,1.942,0.9889,1.1341,1.643,1.3433,1.6632,0.9576,1.3983,2.3353,1.0762
2020-09-11,0.997,1.7802,0.9139,2.866,2.3164,0.9341,1.192,1.4517,2.907,1.1066,1.039,0.937,1.2819999999999998,2.1138,1.3455,2.3680000000000003,1.896,1.946,1.0167,1.1259,1.655,1.3615,1.7017,0.969,1.4161,2.3573,1.1069
2020-09-14,1.006,1.8191,0.9194,2.83,2.33,0.9233,1.199,1.4653,2.9214,1.1126,1.054,0.936,1.29,2.1138,1.3791,2.378,1.897,1.968,1.025,1.1302,1.6469999999999998,1.3642,1.7423,0.9743,1.4279,2.3713,1.1199
2020-09-15,1.01,1.8429,0.9242,2.8689999999999998,2.3767,0.9417,1.202,1.4656,2.9489,1.1213,1.0659999999999998,0.945,1.3259999999999998,2.1114,1.4129,2.415,1.912,2.011,1.0232,1.1329,1.656,1.3893,1.7919,0.9962,1.4426,2.4115,1.1266
2020-09-16,0.996,1.8641,0.9151,2.806,2.3528,0.9216,1.2,1.4699,2.9048,1.1039,1.061,0.943,1.304,2.0906,1.4185,2.4090000000000003,1.897,1.983,1.0061,1.1367,1.635,1.3729,1.8052,1.0157,1.4456,2.3746,1.1294
2020-09-17,1.005,1.903,0.9176,2.762,2.3511,0.9122,1.204,1.476,2.8513,1.0831,1.0490000000000002,0.941,1.266,2.0484,1.4568,2.411,1.881,1.939,0.9826,1.134,1.621,1.3708,1.8534,1.0557,1.4319,2.3158,1.1397
2020-09-18,1.02,1.9115,0.9326,2.7960000000000003,2.3876,0.9231,1.214,1.4827,2.8942,1.1005,1.0759999999999998,0.995,1.294,2.0784,1.4721,2.464,1.911,1.982,0.996,1.1564,1.646,1.3858,1.8693,1.0535,1.4787,2.3713,1.1448
2020-09-21,1.022,1.8935,0.9239,2.773,2.3671,0.9184,1.213,1.4780000000000002,2.8522,1.0837,1.071,0.979,1.29,2.0685,1.4536,2.458,1.915,1.988,0.9809,1.1491,1.643,1.3726,1.8478,1.0257,1.472,2.3733,1.142
2020-09-22,1.006,1.8705,0.9139,2.785,2.3335,0.9246,1.2009999999999998,1.4593,2.8394,1.0787,1.041,0.962,1.249,2.0402,1.4308,2.406,1.878,1.92,0.9719,1.1369,1.616,1.3584,1.8157,1.0103,1.4502,2.3002,1.1287
2020-09-23,1.0070000000000001,1.9109,0.9202,2.8930000000000002,2.3674,0.9669,1.206,1.4697,2.8451,1.0785,1.033,0.956,1.233,2.0528,1.4364,2.395,1.887,1.897,0.9671,1.1318,1.635,1.3672,1.8186,1.0162,1.4464,2.2791,1.1468
2020-09-24,0.981,1.8427,0.8985,2.8569999999999998,2.3023,0.96,1.189,1.4426,2.7976,1.0612,0.996,0.948,1.206,2.0238,1.3936,2.338,1.852,1.854,0.9503,1.1183,1.608,1.3353,1.7654,0.9846,1.4151,2.2254,1.1111
2020-09-25,0.978,1.848,0.9005,2.883,2.2999,0.9599,1.19,1.4411,2.8076,1.0645,1.0,0.95,1.217,2.0183,1.4004,2.346,1.84,1.871,0.9506,1.1172,1.601,1.3441,1.7738,0.9831,1.3947,2.2491,1.1163
2020-09-28,0.965,1.8673,0.9017,2.8360000000000003,2.3141,0.938,1.188,1.4423,2.8201,1.0721,0.997,0.953,1.226,2.0111,1.3968,2.342,1.812,1.871,0.9615,1.1226,1.5659999999999998,1.3231,1.7706,0.9891,1.3828,2.2401,1.1238
2020-09-29,0.9790000000000001,1.9016,0.9139,2.86,2.3388,0.9452,1.196,1.4508,2.8327,1.0753,1.004,0.947,1.23,2.0248,1.4269,2.367,1.838,1.878,0.9595,1.11,1.588,1.3347,1.8148,0.9849,1.3724,2.251,1.1408
2020-09-30,0.9740000000000001,1.929,0.9133,2.912,2.3493,0.958,1.195,1.4543,2.853,1.0827,0.996,0.937,1.227,2.0299,1.4418,2.349,1.826,1.871,0.9639,1.1082,1.585,1.3422,1.8381,1.0016,1.3688,2.2417,1.1443
2020-10-09,0.9990000000000001,2.0311,0.9432,2.992,2.4090000000000003,0.9878,1.216,1.4955,2.9075,1.1042,1.022,0.951,1.247,2.0647,1.5217,2.38,1.862,1.906,0.9779,1.1107,1.618,1.3671,1.9574,1.0366,1.4039,2.2747,1.2131
2020-10-12,1.038,2.0929,0.9629,3.1010000000000004,2.4607,1.0196,1.235,1.5269,3.0156,1.1489,1.05,0.986,1.284,2.1172,1.5763,2.454,1.923,1.956,1.0321,1.1387,1.661,1.4016,2.0329,1.0738,1.4331,2.3513,1.2461
2020-10-13,1.046,2.1425,0.9686,3.1489999999999996,2.4741,1.0286,1.242,1.5363,3.032,1.1542,1.048,0.985,1.2919999999999998,2.1558,1.5856,2.483,1.956,1.969,1.0496,1.1391,1.706,1.4182,2.0486,1.1101,1.4397,2.3422,1.255
2020-10-14,1.0290000000000001,2.1404,0.9536,3.147,2.4271,1.0246,1.258,1.5445,3.0227,1.1508,1.034,0.982,1.278,2.1262,1.5814,2.496,1.922,1.951,1.0461,1.139,1.6769999999999998,1.4203,2.0415,1.0952,1.4412,2.3088,1.2579
2020-10-15,1.023,2.101,0.9492,3.117,2.3965,1.016,1.262,1.5251,3.0137,1.1474,1.037,0.994,1.272,2.099,1.5818,2.488,1.911,1.942,1.0449,1.1546,1.664,1.4079,2.0377,1.0992,1.4278,2.3035,1.2444
2020-10-16,1.014,2.0797,0.9399,3.1260000000000003,2.374,1.0202,1.266,1.5093,2.992,1.1387,1.032,1.008,1.267,2.0955,1.5455,2.486,1.902,1.935,1.0333,1.173,1.658,1.3868,1.9877,1.0828,1.4122,2.2987,1.2224
2020-10-19,1.014,2.0248,0.9355,3.051,2.3148,0.9966,1.261,1.489,2.9444,1.1226,1.036,1.012,1.286,2.0852,1.5379,2.47,1.898,1.948,1.0254,1.1781,1.656,1.3685,1.9765,1.0811,1.4018,2.3139,1.2027
2020-10-20,1.021,2.0739,0.9491,3.09,2.3285,1.0034,1.265,1.5112,3.0251,1.1534,1.041,1.007,1.27,2.1116,1.592,2.486,1.907,1.928,1.0578,1.1724,1.662,1.386,2.0456,1.1414,1.4048,2.2904,1.2299
2020-10-21,0.998,2.0376,0.9338,3.0860000000000003,2.2953,1.0039,1.258,1.4808,3.0264,1.1548,1.045,1.028,1.284,2.102,1.5553,2.476,1.884,1.947,1.0612,1.1927,1.638,1.3754,1.9898,1.1427,1.375,2.3136,1.2036
2020-10-22,0.9940000000000001,2.0293,0.9297,3.0460000000000003,2.2787,0.9747,1.252,0.9962,3.0435,1.1614,1.041,1.017,1.261,2.083,1.5727,2.436,1.859,1.916,1.0808,1.1903,1.608,1.3668,2.0157,1.1496,1.352,2.2795,1.1984
2020-10-23,0.98,1.9928,0.9191,2.931,2.2381,0.9277,1.246,0.9822,2.9622,1.1311,1.036,1.018,1.243,2.0284,1.5434,2.412,1.82,1.891,1.0533,1.1981,1.579,1.3330000000000002,1.9789,1.1389,1.3343,2.2588,1.1773
2020-10-26,0.975,2.0359,0.9251,2.957,2.2606,0.9412,1.245,0.9957,2.9387,1.1197,1.036,1.006,1.233,2.0248,1.5701,2.421,1.83,1.882,1.0419,1.1771,1.579,1.3436,2.0122,1.1436,1.3313,2.2404,1.2022
2020-10-27,0.9740000000000001,2.0673,0.9274,3.0610000000000004,2.2857,0.9635,1.244,0.9986,2.9587,1.1258,1.044,1.007,1.249,2.0646,1.5868,2.416,1.859,1.897,1.0514,1.1731,1.5830000000000002,1.367,2.0448,1.139,1.3585,2.2563,1.2123
2020-10-28,0.965,2.0954,0.9338,3.0810000000000004,2.3058,0.9602,1.244,1.0096,3.0293,1.1539,1.053,0.997,1.253,2.072,1.6248,2.471,1.859,1.894,1.0858,1.1619,1.579,1.3839,2.1057,1.1618,1.3538,2.2611,1.234
2020-10-29,0.9570000000000001,2.109,0.932,3.145,2.3137,0.996,1.252,1.0123,3.0901,1.1797,1.0490000000000002,0.992,1.229,2.0931,1.6336,2.47,1.86,1.864,1.1166,1.1662,1.594,1.3908,2.1,1.1915,1.3726,2.2301,1.236
2020-10-30,0.946,2.1128,0.922,3.093,2.2794,0.9806,1.237,0.9974,2.9761,1.1394,1.024,0.968,1.209,2.0473,1.6267,2.411,1.806,1.827,1.085,1.1588,1.5619999999999998,1.3506,2.0905,1.1944,1.3417,2.1831,1.2273
2020-11-02,0.934,2.185,0.9324,3.095,2.3154,0.9643,1.248,1.0193,2.9789,1.1406,1.043,0.955,1.234,2.0489,1.6888,2.4530000000000003,1.816,1.871,1.1031,1.1593,1.561,1.3529,2.1729,1.229,1.3506,2.2061,1.2607
2020-11-03,0.958,2.1611,0.9416,3.1180000000000003,2.3154,0.975,1.266,1.0259,3.0113,1.1534,1.088,0.973,1.275,2.0780000000000003,1.6858,2.512,1.847,1.928,1.1152,1.1713,1.58,1.3588,2.1626,1.222,1.3629,2.2802,1.2601
2020-11-04,0.953,2.1699,0.9443,3.1439999999999997,2.3281,0.9767,1.272,1.0182,3.0314,1.1612,1.09,0.968,1.266,2.079,1.7172,2.5380000000000003,1.847,1.92,1.1206,1.1882,1.575,1.3526,2.1931,1.2614,1.3853,2.2723,1.2561
2020-11-05,0.972,2.2581,0.9647,3.14,2.3525,0.9756,1.285,1.0491,3.0802,1.18,1.107,0.971,1.279,2.101,1.8022,2.584,1.871,1.947,1.1418,1.1838,1.595,1.3532,2.3125,1.3257,1.401,2.3055,1.3083
2020-11-06,0.97,2.2252,0.9674,3.069,2.3202,0.9401,1.2830000000000001,1.0371,3.0542,1.1716,1.126,0.962,1.3030000000000002,2.069,1.7997,2.619,1.859,1.995,1.1343,1.1806,1.58,1.3347,2.2941,1.3153,1.4027,2.3451,1.2919
2020-11-09,1.005,2.2361,0.9875,3.156,2.3362,0.9574,1.301,1.0515,3.0963,1.1911,1.161,0.984,1.314,2.0936,1.8268,2.675,1.891,2.012,1.156,1.1911,1.607,1.3649,2.3307,1.3217,1.4285,2.3726,1.3139
2020-11-10,0.9890000000000001,2.237,0.9753,3.094,2.3238,0.9376,1.3030000000000002,1.0455,3.1180000000000003,1.1997,1.137,0.987,1.262,2.0783,1.7982,2.719,1.863,1.938,1.1808,1.1992,1.5719999999999998,1.3453,2.3008,1.2815,1.4314,2.2936,1.3172
2020-11-11,0.963,2.1807,0.9454,2.992,2.3135,0.9032,1.305,1.0275,3.1178,1.197,1.131,0.992,1.246,2.0636,1.7362,2.739,1.841,1.919,1.1822,1.2069,1.5530000000000002,1.32,2.2304,1.2227,1.4586,2.2685,1.2927
2020-11-12,0.961,2.2041,0.9540000000000001,3.032,2.3291,0.9113,1.311,1.0311,3.1391,1.2022,1.137,0.977,1.245,2.0441,1.7562,2.7710000000000004,1.823,1.925,1.2029,1.194,1.534,1.3181,2.2563,1.2376,1.4668,2.2603,1.2966
2020-11-13,0.9620000000000001,2.2168,0.9494,3.025,2.3294,0.9094,1.3019999999999998,1.0349,3.0649,1.1762,1.149,0.954,1.246,2.0249,1.7932,2.761,1.825,1.922,1.1617,1.1734,1.527,1.3156,2.3028,1.2601,1.4503,2.2551,1.2981
2020-11-16,0.9640000000000001,2.2075,0.9432,3.048,2.3271,0.9186,1.314,1.0338,3.1298,1.2011,1.198,0.971,1.283,2.0646,1.7942,2.8480000000000003,1.865,1.985,1.2068,1.1786,1.5490000000000002,1.3219999999999998,2.2967,1.252,1.4814,2.3209,1.3057
2020-11-17,0.9590000000000001,2.1506,0.9313,2.95,2.2772,0.8884,1.298,1.0189,3.0994,1.189,1.185,0.978,1.265,2.0521,1.7618,2.833,1.857,1.959,1.1903,1.1922,1.5419999999999998,1.308,2.2533,1.2713,1.4749,2.3021,1.2742
2020-11-18,0.955,2.1259,0.9276,2.8510000000000004,2.2491,0.8731,1.295,1.0156,3.0819,1.1796,1.195,0.995,1.272,2.0501,1.7258,2.858,1.855,1.983,1.171,1.2172,1.543,1.3023,2.2057,1.2848,1.4733,2.3152,1.2591
2020-11-19,0.966,2.1489,0.9347,2.8819999999999997,2.3016,0.88,1.29,1.0177,3.111,1.1888,1.1840000000000002,1.004,1.2570000000000001,2.0735,1.7231,2.849,1.873,1.944,1.1755,1.2253,1.5719999999999998,1.3098,2.2034,1.2584,1.4556,2.2937,1.2725
2020-11-20,0.969,2.1983,0.9371,2.905,2.3223,0.882,1.3,1.0345,3.1523,1.2024,1.223,0.995,1.285,2.0812,1.7771,2.875,1.877,1.985,1.193,1.2185,1.577,1.3215,2.2669,1.3213,1.4576,2.3427,1.2992
2020-11-23,0.965,2.2435,0.9329,2.889,2.3301,0.884,1.317,1.0533,3.1678,1.2108,1.2570000000000001,1.0070000000000001,1.3030000000000002,2.083,1.8213,2.914,1.887,2.024,1.2053,1.2422,1.5730000000000002,1.3126,2.333,1.3577,1.4807,2.3779,1.328
2020-11-24,0.968,2.2421,0.9277,2.877,2.314,0.8739,1.306,1.0596,3.1648,1.2097,1.273,0.995,1.268,2.0782,1.8357,2.928,1.888,1.958,1.2125,1.2357,1.581,1.319,2.3609,1.3473,1.4618,2.3268,1.3299
2020-11-25,0.957,2.1972,0.9171,2.818,2.2552,0.8531,1.295,1.046,3.0639,1.1733,1.236,1.013,1.244,2.0314,1.8005,2.864,1.857,1.903,1.1699,1.226,1.548,1.3028,2.3132,1.3649,1.4272,2.2514,1.3049
2020-11-26,0.952,2.1738,0.9147,2.814,2.2599,0.8463,1.297,1.0419,3.0693,1.1753,1.242,1.034,1.242,2.0363,1.769,2.845,1.855,1.915,1.1758,1.242,1.55,1.3065,2.2678,1.3141,1.4112,2.2748,1.2973
2020-11-27,0.951,2.1735,0.9199,2.8310000000000004,2.2667,0.8527,1.3019999999999998,1.0388,3.0854,1.1824,1.242,1.0490000000000002,1.245,2.0639,1.7617,2.847,1.885,1.927,1.1829,1.2692,1.574,1.3297,2.256,1.3385,1.4087,2.3115,1.2957
2020-11-30,0.953,2.1654,0.9273,2.842,2.2515,0.8625,1.295,1.0324,3.0277,1.1578,1.258,1.042,1.246,2.0311,1.7522,2.8310000000000004,1.892,1.948,1.1473,1.2584,1.565,1.3239,2.2453,1.3405,1.4009,2.3382,1.2876
2020-12-01,0.968,2.187,0.9451,2.9360000000000004,2.2857,0.8841,1.306,1.0433,3.0746,1.1752,1.263,1.071,1.259,2.0529,1.7797,2.883,1.904,1.963,1.1573,1.2913,1.574,1.3466,2.2725,1.3812,1.4142,2.3882,1.3062
2020-12-02,0.973,2.1715,0.9483,2.9360000000000004,2.2777,0.8804,1.31,1.039,3.0774,1.1776,1.258,1.067,1.27,2.0627,1.7594,2.893,1.913,1.979,1.1569,1.2852,1.587,1.3414,2.2467,1.3531,1.4188,2.3824,1.2992
2020-12-03,0.975,2.1705,0.9427,2.9930000000000003,2.2758,0.9067,1.297,1.033,3.1101,1.19,1.222,1.062,1.2570000000000001,2.1039,1.7551,2.875,1.937,1.901,1.1684,1.283,1.599,1.3507,2.2388,1.3433,1.4008,2.3185,1.2937
2020-12-04,0.9570000000000001,2.1878,0.9425,3.055,2.3041,0.9166,1.294,1.0354,3.2127,1.2268,1.25,1.057,1.258,2.1138,1.7852,2.884,1.936,1.914,1.2081,1.2674,1.609,1.3613,2.2831,1.3285,1.4075,2.3123,1.3088
2020-12-07,0.955,2.2214,0.9452,3.076,2.327,0.9019,1.291,1.0409,3.2305,1.2338,1.238,1.0390000000000001,1.245,2.1288,1.8073,2.8560000000000003,1.95,1.886,1.212,1.242,1.626,1.3657,2.3185,1.3102,1.3996,2.2656,1.3256
2020-12-08,0.9540000000000001,2.2678,0.9439,3.0860000000000003,2.3356,0.9,1.288,1.0513,3.263,1.2465,1.242,1.03,1.266,2.1204,1.8492,2.846,1.941,1.885,1.2305,1.2348,1.608,1.3573,2.3907,1.3367,1.3928,2.2563,1.3454
2020-12-09,0.937,2.2504,0.9315,3.0389999999999997,2.315,0.8841,1.271,1.0359,3.2466,1.2398,1.229,1.024,1.234,2.0844,1.8286,2.792,1.909,1.865,1.2249,1.2333,1.567,1.3271,2.3725,1.305,1.3672,2.2351,1.3332
2020-12-10,0.932,2.2922,0.9303,3.1,2.3416,0.885,1.2690000000000001,1.0479,3.2626,1.2429999999999999,1.212,1.0190000000000001,1.215,2.0746,1.815,2.79,1.892,1.861,1.2352,1.2265,1.5590000000000002,1.3166,2.3615,1.2781,1.3686,2.2296,1.3492
2020-12-11,0.914,2.2824,0.9151,3.0839999999999996,2.3301,0.8784,1.262,1.0346,3.2518,1.2395,1.195,1.002,1.203,2.0645,1.8003,2.752,1.872,1.839,1.2422,1.2141,1.538,1.2989,2.347,1.2793,1.3561,2.2016,1.335
2020-12-14,0.922,2.3662,0.9231,3.153,2.3531,0.8876,1.258,1.06,3.3342,1.267,1.208,1.014,1.206,2.1198,1.8539,2.767,1.907,1.812,1.2713,1.2257,1.5719999999999998,1.3135,2.4166,1.3093,1.3571,2.1938,1.3746
2020-12-15,0.925,2.4042,0.9308,3.1910000000000003,2.3759,0.8908,1.261,1.0759,3.3337,1.2646,1.178,0.996,1.215,2.1142,1.8763,2.774,1.901,1.811,1.2569,1.2168,1.547,1.3321,2.4417,1.3329,1.3683,2.1834,1.392
2020-12-16,0.911,2.4253,0.9207,3.22,2.3627,0.9001,1.258,1.0839,3.3951,1.2837,1.175,1.004,1.215,2.1251,1.876,2.78,1.885,1.814,1.2858,1.2193,1.544,1.3233,2.4486,1.3066,1.361,2.1792,1.3968
2020-12-17,0.917,2.4227,0.9217,3.284,2.3744,0.9183,1.262,1.0871,3.4279,1.2988,1.223,1.018,1.237,2.1194,1.8972,2.815,1.897,1.868,1.3216,1.2263,1.548,1.3256,2.4964,1.3082,1.3637,2.2376,1.4038
2020-12-18,0.9080,2.4603,0.9183,3.2650,2.3494,0.9212,1.2670,1.1029,3.3933,1.2854,1.2510,1.0030,1.2430,2.1105,1.9483,2.8060,1.8920,1.9170,1.3249,1.2115,1.5210,1.3028,2.5727,1.3420,1.3648,2.2591,1.4319
2020-12-21,0.9190,2.5977,0.9287,3.3320,2.3748,0.9360,1.2740,1.1540,3.4220,1.2962,1.2820,1.0030,1.2810,2.1816,2.0655,2.8250,1.9410,1.9350,1.3313,1.2081,1.5450,1.3293,2.7165,1.3916,1.3689,2.2694,1.5039
2020-12-22,0.8940,2.5568,0.9030,3.3070,2.3580,0.9355,1.2510,1.1329,3.4378,1.3003,1.2190,0.9720,1.2200,2.1747,2.0100,2.7490,1.8850,1.8270,1.3552,1.1891,1.5090,1.3224,2.6522,1.3292,1.3486,2.1638,1.4734
